-- phpMyAdmin SQL Dump
-- version 5.0.2
-- https://www.phpmyadmin.net/
--
-- Host: 127.0.0.1:3306
-- Generation Time: Jan 22, 2024 at 04:46 AM
-- Server version: 5.7.31
-- PHP Version: 7.4.9

SET SQL_MODE = "NO_AUTO_VALUE_ON_ZERO";
START TRANSACTION;
SET time_zone = "+00:00";


/*!40101 SET @OLD_CHARACTER_SET_CLIENT=@@CHARACTER_SET_CLIENT */;
/*!40101 SET @OLD_CHARACTER_SET_RESULTS=@@CHARACTER_SET_RESULTS */;
/*!40101 SET @OLD_COLLATION_CONNECTION=@@COLLATION_CONNECTION */;
/*!40101 SET NAMES utf8mb4 */;

--
-- Database: `digitalnxdb`
--

-- --------------------------------------------------------

--
-- Table structure for table `admin_user`
--

DROP TABLE IF EXISTS `admin_user`;
CREATE TABLE IF NOT EXISTS `admin_user` (
  `admin_user_id` int(11) NOT NULL AUTO_INCREMENT,
  `admin_user_name` varchar(100) NOT NULL,
  `admin_user_pwd` varchar(100) NOT NULL,
  `admin_user_email` varchar(100) NOT NULL,
  `admin_user_phone` varchar(100) NOT NULL,
  `admin_user_mobile` varchar(100) NOT NULL,
  `admin_user_doj` date NOT NULL,
  `admin_user_last_login` datetime NOT NULL,
  `role_type_id` int(11) NOT NULL,
  `company_id` int(11) NOT NULL,
  PRIMARY KEY (`admin_user_id`),
  KEY `admin_user_id` (`admin_user_id`)
) ENGINE=InnoDB AUTO_INCREMENT=3 DEFAULT CHARSET=latin1;

--
-- Dumping data for table `admin_user`
--

INSERT INTO `admin_user` (`admin_user_id`, `admin_user_name`, `admin_user_pwd`, `admin_user_email`, `admin_user_phone`, `admin_user_mobile`, `admin_user_doj`, `admin_user_last_login`, `role_type_id`, `company_id`) VALUES
(2, 'admin', 'AMRD.605', 'admin@gmail.com', '', '9909437540', '2017-12-20', '2017-12-20 00:00:00', 0, 0);

-- --------------------------------------------------------

--
-- Table structure for table `category`
--

DROP TABLE IF EXISTS `category`;
CREATE TABLE IF NOT EXISTS `category` (
  `category_id` int(11) NOT NULL AUTO_INCREMENT,
  `category_name` varchar(100) DEFAULT NULL,
  `category_status` enum('Active','In-Active') DEFAULT NULL,
  `category_description` longtext,
  `category_sort_order` int(11) DEFAULT NULL,
  `company_id` int(11) DEFAULT NULL,
  PRIMARY KEY (`category_id`),
  KEY `category_id` (`category_id`)
) ENGINE=MyISAM AUTO_INCREMENT=4 DEFAULT CHARSET=latin1;

--
-- Dumping data for table `category`
--

INSERT INTO `category` (`category_id`, `category_name`, `category_status`, `category_description`, `category_sort_order`, `company_id`) VALUES
(2, 'Banking', NULL, NULL, NULL, 8),
(3, 'Consent Forms', NULL, NULL, NULL, 8);

-- --------------------------------------------------------

--
-- Table structure for table `company`
--

DROP TABLE IF EXISTS `company`;
CREATE TABLE IF NOT EXISTS `company` (
  `company_id` int(11) NOT NULL AUTO_INCREMENT,
  `company_name` varchar(100) DEFAULT NULL,
  `company_email` varchar(100) DEFAULT NULL,
  `company_phone` varchar(100) DEFAULT NULL,
  `company_password` varchar(100) DEFAULT NULL,
  `company_doj` date DEFAULT NULL,
  `company_status` enum('Active','In-Active') DEFAULT NULL,
  PRIMARY KEY (`company_id`),
  KEY `company_id` (`company_id`)
) ENGINE=MyISAM AUTO_INCREMENT=9 DEFAULT CHARSET=latin1;

--
-- Dumping data for table `company`
--

INSERT INTO `company` (`company_id`, `company_name`, `company_email`, `company_phone`, `company_password`, `company_doj`, `company_status`) VALUES
(3, 'Purav Topiwala', 'purav.topi@gmail.com', NULL, 'e10adc3949ba59abbe56e057f20f883e', '2023-10-27', 'Active'),
(4, 'sandip', 'sandipshirawala@gmail.com', NULL, 'e10adc3949ba59abbe56e057f20f883e', '2023-10-27', 'Active'),
(5, 'ankit', 'ankitpatel@gmail.com', NULL, 'e10adc3949ba59abbe56e057f20f883e', '2023-11-01', 'Active'),
(6, 'Akash S', 'sareenakash@gmail.com', NULL, 'e10adc3949ba59abbe56e057f20f883e', '2023-11-01', 'Active'),
(7, 'Kirti', 'sandipwork2023@gmail.com', NULL, '9d6805c4b58a47161e72a21763038210', '2023-11-06', 'Active'),
(8, 'Eyehub', 'eyehub@gmail.com', '9898078520', 'e10adc3949ba59abbe56e057f20f883e', '2023-11-10', 'Active');

-- --------------------------------------------------------

--
-- Table structure for table `doc`
--

DROP TABLE IF EXISTS `doc`;
CREATE TABLE IF NOT EXISTS `doc` (
  `doc_id` int(11) NOT NULL AUTO_INCREMENT,
  `doc_title` longtext,
  `doc_email` varchar(100) DEFAULT NULL,
  `doc_sent_date` date DEFAULT NULL,
  `doc_status` enum('Pending','Completed','Cancelled') DEFAULT NULL,
  `doc_open` enum('No','Yes') DEFAULT NULL,
  `company_id` int(11) DEFAULT NULL,
  PRIMARY KEY (`doc_id`),
  KEY `doc_id` (`doc_id`)
) ENGINE=MyISAM DEFAULT CHARSET=latin1;

-- --------------------------------------------------------

--
-- Table structure for table `document`
--

DROP TABLE IF EXISTS `document`;
CREATE TABLE IF NOT EXISTS `document` (
  `document_id` int(11) NOT NULL AUTO_INCREMENT,
  `document_mode` enum('Local','Email') DEFAULT NULL,
  `document_form_files` varchar(100) DEFAULT NULL,
  `document_email` varchar(100) DEFAULT NULL,
  `document_message` longtext,
  `document_sent_date` datetime DEFAULT NULL,
  `document_status` enum('Pending','Completed','Cancelled') DEFAULT NULL,
  `doc_open` enum('No','Yes') DEFAULT NULL,
  `company_id` int(11) DEFAULT NULL,
  PRIMARY KEY (`document_id`),
  KEY `document_id` (`document_id`)
) ENGINE=MyISAM AUTO_INCREMENT=102 DEFAULT CHARSET=latin1;

--
-- Dumping data for table `document`
--

INSERT INTO `document` (`document_id`, `document_mode`, `document_form_files`, `document_email`, `document_message`, `document_sent_date`, `document_status`, `doc_open`, `company_id`) VALUES
(66, 'Local', '4', 'Uday', NULL, '2024-01-16 15:38:50', 'Pending', 'No', 8),
(2, 'Email', '1', 'sandipshirawala@gmail.com', NULL, '2024-01-11 20:43:22', 'Pending', 'No', 8),
(3, 'Local', '1', 'Ira Darji', NULL, '2024-01-11 20:48:26', 'Pending', 'No', 8),
(4, 'Local', '1', 'Pointer', NULL, '2024-01-11 20:56:35', 'Pending', 'No', 8),
(5, 'Local', '1', 'Kinnari patel', NULL, '2024-01-11 20:59:20', 'Pending', 'No', 8),
(6, 'Local', '1', 'Gitanjali', NULL, '2024-01-11 21:02:33', 'Pending', 'No', 8),
(67, 'Local', '3', 'Uday', NULL, '2024-01-16 15:39:06', 'Pending', 'No', 8),
(8, 'Local', '1', 'Mahendra Shirawala', NULL, '2024-01-11 21:04:30', 'Pending', 'No', 8),
(9, 'Local', '1', 'IRV', NULL, '2024-01-11 21:20:27', 'Pending', 'No', 8),
(10, 'Local', '1', 'Pinal', NULL, '2024-01-11 21:23:25', 'Pending', 'No', 8),
(11, 'Local', '1', 'Pranjal', NULL, '2024-01-11 21:25:05', 'Pending', 'No', 8),
(12, 'Local', '1', 'Pinal', NULL, '2024-01-11 21:29:33', 'Pending', 'No', 8),
(13, 'Local', '3', 'Mahendra Shirawala', NULL, '2024-01-11 21:35:37', 'Pending', 'No', 8),
(14, 'Local', '1', 'Rajesh', NULL, '2024-01-11 23:01:19', 'Pending', 'No', 8),
(15, 'Local', '1', 'Pinal Patel', NULL, '2024-01-11 23:06:29', 'Pending', 'No', 8),
(16, 'Local', '1', 'Nitya Roy', NULL, '2024-01-11 23:09:09', 'Pending', 'No', 8),
(17, 'Local', '1', 'Dipanshi', NULL, '2024-01-11 23:11:46', 'Pending', 'No', 8),
(18, 'Local', '1', 'Rajesh', NULL, '2024-01-11 23:14:10', 'Pending', 'No', 8),
(19, 'Local', '1', 'Niranjan Patel', NULL, '2024-01-11 23:15:41', 'Pending', 'No', 8),
(20, 'Local', '1', 'Pradipbhai', NULL, '2024-01-11 23:18:43', 'Pending', 'No', 8),
(21, 'Local', '1', 'Prashant Bhai', NULL, '2024-01-11 23:20:27', 'Pending', 'No', 8),
(22, 'Local', '1', 'Lakshya', NULL, '2024-01-11 23:24:43', 'Pending', 'No', 8),
(23, 'Local', '1', 'Purav Topiwala', 'helo', '2024-01-12 10:31:58', 'Pending', 'No', 8),
(24, 'Local', '1', 'PNT', NULL, '2024-01-12 10:33:16', 'Pending', 'No', 8),
(25, 'Local', '1', 'Niranjan Patel', NULL, '2024-01-12 13:00:34', 'Pending', 'No', 8),
(26, 'Local', '1', 'Kanti Bullet', NULL, '2024-01-12 13:19:30', 'Pending', 'No', 8),
(27, 'Local', '1', 'Pritesh', NULL, '2024-01-12 14:30:08', 'Pending', 'No', 8),
(28, 'Local', '1', 'Hardik Patel', NULL, '2024-01-12 14:50:29', 'Pending', 'No', 8),
(29, 'Local', '3', 'Purav Topiwala', NULL, '2024-01-12 15:05:05', 'Pending', 'No', 8),
(30, 'Local', '3', 'Priyansh', NULL, '2024-01-12 15:14:10', 'Pending', 'No', 8),
(31, 'Local', '3', 'Priyanshi', NULL, '2024-01-12 15:16:14', 'Pending', 'No', 8),
(32, 'Local', '3', 'Pritam Patel', NULL, '2024-01-12 16:43:53', 'Pending', 'No', 8),
(33, 'Local', '3', 'Hitesh', NULL, '2024-01-12 17:00:10', 'Pending', 'No', 8),
(34, 'Email', '3', 'sandipshirawala@gmail.com', 'helo', '2024-01-12 17:05:59', 'Pending', 'No', 8),
(35, 'Local', '3', 'Hiren Kansara', NULL, '2024-01-12 17:40:49', 'Pending', 'No', 8),
(36, 'Email', '3', 'sandipshirawala@gmail.com', 'helo', '2024-01-12 17:48:34', 'Pending', 'No', 8),
(70, 'Local', '6', 'Niranjan Patel', NULL, '2024-01-16 16:33:09', 'Pending', 'No', 8),
(38, 'Email', '3', 'sandipshirawala@gmail.com', NULL, '2024-01-12 18:43:46', 'Pending', 'No', 8),
(39, 'Local', '3', 'Nitya Prabhu', NULL, '2024-01-12 18:48:46', 'Pending', 'No', 8),
(40, 'Local', '4', 'Kamala', NULL, '2024-01-12 22:46:46', 'Pending', 'No', 8),
(41, 'Local', '5', 'sandip', NULL, '2024-01-13 09:11:04', 'Pending', 'No', 8),
(42, 'Local', '5', 'Mahendra Shirawala', NULL, '2024-01-13 10:49:18', 'Pending', 'No', 8),
(43, 'Local', '5', 'Niranjan Patel', NULL, '2024-01-13 10:51:15', 'Pending', 'No', 8),
(44, 'Local', '3', 'Niranjan Patel', NULL, '2024-01-13 10:52:09', 'Pending', 'No', 8),
(45, 'Local', '3', 'sandip', NULL, '2024-01-13 11:00:00', 'Pending', 'No', 8),
(46, 'Local', '5', 'sandip', NULL, '2024-01-13 11:00:21', 'Pending', 'No', 8),
(47, 'Local', '3', 'sandip', NULL, '2024-01-13 11:02:57', 'Pending', 'No', 8),
(48, 'Local', '3', 'PTN', NULL, '2024-01-13 11:05:12', 'Pending', 'No', 8),
(49, 'Local', '3', 'Priyansh', NULL, '2024-01-13 11:27:49', 'Pending', 'No', 8),
(71, 'Local', '3', 'Mike', NULL, '2024-01-16 17:27:30', 'Pending', 'No', 8),
(51, 'Local', '5', 'Ketan', NULL, '2024-01-13 12:05:05', 'Pending', 'No', 8),
(52, 'Local', '3', 'Rajesh', NULL, '2024-01-13 12:29:28', 'Pending', 'No', 8),
(69, 'Local', '3', 'Nice work', NULL, '2024-01-16 16:08:15', 'Pending', 'No', 8),
(56, 'Local', '3', 'Mahendra Shirawala', NULL, '2024-01-15 11:20:07', 'Pending', 'No', 8),
(57, 'Local', '9', 'sample', NULL, '2024-01-15 12:52:16', 'Pending', 'No', 8),
(72, 'Local', '3', 'Himanshu', NULL, '2024-01-17 16:50:38', 'Pending', 'No', 8),
(59, 'Local', '3', 'Jack D', NULL, '2024-01-15 19:41:39', 'Pending', 'No', 8),
(73, 'Local', '3', 'Mahendra Shirawala', NULL, '2024-01-19 12:45:09', 'Pending', 'No', 8),
(80, 'Local', '3', 'Mahendra Shirawala', NULL, '2024-01-19 14:08:20', 'Pending', 'No', 8),
(64, 'Local', '9', 'Nice work', NULL, '2024-01-16 15:20:35', 'Pending', 'No', 8),
(75, 'Local', '3', 'Rajesh', NULL, '2024-01-19 13:38:26', 'Pending', 'No', 8),
(76, 'Local', '5', 'sandip', NULL, '2024-01-19 13:41:13', 'Pending', 'No', 8),
(77, 'Local', '3', 'Mahendra Shirawala', NULL, '2024-01-19 13:42:46', 'Pending', 'No', 8),
(78, 'Local', '3', 'Mahendra Shirawala', NULL, '2024-01-19 13:45:30', 'Pending', 'No', 8),
(79, 'Email', '3,4', 'purav.topi@gmail.com', 'nice', '2024-01-19 13:57:36', 'Pending', 'No', 8),
(81, 'Local', '5', 'Rajesh', NULL, '2024-01-19 14:27:00', 'Pending', 'No', 8),
(82, 'Local', '5', 'sandip', NULL, '2024-01-19 14:28:49', 'Pending', 'No', 8),
(83, 'Local', '3', 'Rajesh', NULL, '2024-01-19 14:30:19', 'Pending', 'No', 8),
(84, 'Local', '3', 'pinakin', NULL, '2024-01-19 14:31:24', 'Pending', 'No', 8),
(85, 'Local', '5', 'Mahendra Shirawala', NULL, '2024-01-19 14:37:50', 'Pending', 'No', 8),
(86, 'Local', '5', 'PATEL Yogeshbhai', NULL, '2024-01-19 14:39:08', 'Pending', 'No', 8),
(87, 'Local', '3', 'Mahendra Shirawala', NULL, '2024-01-19 14:40:27', 'Pending', 'No', 8),
(88, 'Local', '5', 'sandip', NULL, '2024-01-19 14:41:40', 'Pending', 'No', 8),
(89, 'Local', '3', 'Purav', NULL, '2024-01-19 14:44:17', 'Pending', 'No', 8),
(90, 'Local', '3', 'Sonia', NULL, '2024-01-19 14:44:35', 'Pending', 'No', 8),
(91, 'Local', '5', 'sandip', NULL, '2024-01-19 14:45:26', 'Pending', 'No', 8),
(92, 'Local', '5', 'Mahendra Shirawala', NULL, '2024-01-19 14:47:37', 'Pending', 'No', 8),
(93, 'Local', '5', 'ssd', NULL, '2024-01-19 14:48:58', 'Pending', 'No', 8),
(94, 'Local', '3', 'Jack', NULL, '2024-01-19 15:18:24', 'Pending', 'No', 8),
(95, 'Local', '3', 'Mahendra Shirawala', NULL, '2024-01-19 16:02:43', 'Pending', 'No', 8),
(96, 'Local', '4', 'Mahendra Shirawala', NULL, '2024-01-19 16:10:01', 'Pending', 'No', 8),
(97, 'Local', '6', 'Niranjan Patel', NULL, '2024-01-19 16:11:39', 'Pending', 'No', 8),
(98, 'Local', '6', 'Rajesh', NULL, '2024-01-19 16:26:18', 'Pending', 'No', 8),
(99, 'Local', '5', 'Rajesh', NULL, '2024-01-19 17:40:19', 'Pending', 'No', 8);

-- --------------------------------------------------------

--
-- Table structure for table `document_reply`
--

DROP TABLE IF EXISTS `document_reply`;
CREATE TABLE IF NOT EXISTS `document_reply` (
  `document_reply_id` int(11) NOT NULL AUTO_INCREMENT,
  `document_id` int(11) DEFAULT NULL,
  `form_id` int(11) DEFAULT NULL,
  `form_title` longtext,
  `form_file` longtext,
  `document_reply_file` longtext,
  `document_reply_file_original_name` varchar(100) DEFAULT NULL,
  `document_reply_date` datetime DEFAULT NULL,
  `document_reply_email` varchar(100) DEFAULT NULL,
  `document_reply_ip` longtext,
  `company_id` int(11) DEFAULT NULL,
  PRIMARY KEY (`document_reply_id`),
  KEY `document_reply_id` (`document_reply_id`)
) ENGINE=MyISAM AUTO_INCREMENT=88 DEFAULT CHARSET=latin1;

--
-- Dumping data for table `document_reply`
--

INSERT INTO `document_reply` (`document_reply_id`, `document_id`, `form_id`, `form_title`, `form_file`, `document_reply_file`, `document_reply_file_original_name`, `document_reply_date`, `document_reply_email`, `document_reply_ip`, `company_id`) VALUES
(1, 2, 1, NULL, NULL, '2_1.pdf', '2_1.pdf', '2024-01-11 20:44:58', NULL, '127.0.0.1', 8),
(2, 3, 1, NULL, NULL, '3_1.pdf', '3_1.pdf', '2024-01-11 20:50:02', NULL, '127.0.0.1', 8),
(3, 4, 1, NULL, NULL, '4_1.pdf', '4_1.pdf', '2024-01-11 20:57:08', NULL, '127.0.0.1', 8),
(4, 5, 1, NULL, NULL, '5_1.pdf', '5_1.pdf', '2024-01-11 21:00:56', NULL, '127.0.0.1', 8),
(5, 6, 1, NULL, NULL, '6_1.pdf', '6_1.pdf', '2024-01-11 21:03:08', NULL, '127.0.0.1', 8),
(6, 8, 1, NULL, NULL, '8_1.pdf', '8_1.pdf', '2024-01-11 21:05:08', NULL, '127.0.0.1', 8),
(7, 9, 1, NULL, NULL, '9_1.pdf', '9_1.pdf', '2024-01-11 21:20:52', NULL, '127.0.0.1', 8),
(8, 10, 1, NULL, NULL, '10_1.pdf', '10_1.pdf', '2024-01-11 21:23:52', NULL, '127.0.0.1', 8),
(9, 11, 1, NULL, NULL, '11_1.pdf', '11_1.pdf', '2024-01-11 21:25:32', NULL, '127.0.0.1', 8),
(10, 12, 1, NULL, NULL, '12_1.pdf', '12_1.pdf', '2024-01-11 21:31:53', NULL, '127.0.0.1', 8),
(11, 13, 3, NULL, NULL, '13_3.pdf', '13_3.pdf', '2024-01-11 21:36:51', NULL, '127.0.0.1', 8),
(12, 14, 1, NULL, NULL, '14_1.pdf', '14_1.pdf', '2024-01-11 23:04:14', NULL, '127.0.0.1', 8),
(13, 15, 1, NULL, NULL, '15_1.pdf', '15_1.pdf', '2024-01-11 23:06:53', NULL, '127.0.0.1', 8),
(14, 16, 1, NULL, NULL, '16_1.pdf', '16_1.pdf', '2024-01-11 23:09:41', NULL, '127.0.0.1', 8),
(15, 17, 1, NULL, NULL, '17_1.pdf', '17_1.pdf', '2024-01-11 23:12:13', NULL, '127.0.0.1', 8),
(16, 18, 1, NULL, NULL, '18_1.pdf', '18_1.pdf', '2024-01-11 23:14:42', NULL, '127.0.0.1', 8),
(17, 19, 1, NULL, NULL, '19_1.pdf', '19_1.pdf', '2024-01-11 23:16:09', NULL, '127.0.0.1', 8),
(18, 20, 1, NULL, NULL, '20_1.pdf', '20_1.pdf', '2024-01-11 23:19:19', NULL, '127.0.0.1', 8),
(19, 21, 1, NULL, NULL, '21_1.pdf', '21_1.pdf', '2024-01-11 23:22:07', NULL, '127.0.0.1', 8),
(20, 22, 1, NULL, NULL, '22_1.pdf', '22_1.pdf', '2024-01-11 23:25:17', NULL, '127.0.0.1', 8),
(21, 23, 1, NULL, NULL, '23_1.pdf', '23_1.pdf', '2024-01-12 10:32:41', NULL, '127.0.0.1', 8),
(22, 24, 1, NULL, NULL, '24_1.pdf', '24_1.pdf', '2024-01-12 10:33:44', NULL, '127.0.0.1', 8),
(23, 25, 1, NULL, NULL, '25_1.pdf', '25_1.pdf', '2024-01-12 13:02:05', NULL, '127.0.0.1', 8),
(24, 26, 1, NULL, NULL, '26_1.pdf', '26_1.pdf', '2024-01-12 13:20:03', NULL, '127.0.0.1', 8),
(25, 27, 1, NULL, NULL, '27_1.pdf', '27_1.pdf', '2024-01-12 14:31:06', NULL, '127.0.0.1', 8),
(26, 28, 1, NULL, NULL, '28_1.pdf', '28_1.pdf', '2024-01-12 14:50:56', NULL, '127.0.0.1', 8),
(27, 29, 3, NULL, NULL, '29_3.pdf', '29_3.pdf', '2024-01-12 15:06:38', NULL, '127.0.0.1', 8),
(29, 31, 3, NULL, NULL, '31_3.pdf', '31_3.pdf', '2024-01-12 15:16:49', NULL, '127.0.0.1', 8),
(30, 32, 3, NULL, NULL, '32_3.pdf', '32_3.pdf', '2024-01-12 16:51:22', NULL, '127.0.0.1', 8),
(31, 33, 3, NULL, NULL, '33_3.pdf', '33_3.pdf', '2024-01-12 17:01:35', NULL, '127.0.0.1', 8),
(32, 34, 3, NULL, NULL, '34_3.pdf', '34_3.pdf', '2024-01-12 17:08:38', NULL, '127.0.0.1', 8),
(33, 35, 3, NULL, NULL, '35_3.pdf', '35_3.pdf', '2024-01-12 17:42:42', NULL, '127.0.0.1', 8),
(34, 38, 3, NULL, NULL, '38_3.pdf', '38_3.pdf', '2024-01-12 18:45:21', NULL, '122.170.174.21', 8),
(35, 39, 3, NULL, NULL, '39_3.pdf', '39_3.pdf', '2024-01-12 18:50:03', NULL, '122.170.174.21', 8),
(36, 41, 5, NULL, NULL, '41_5.pdf', '41_5.pdf', '2024-01-13 09:11:32', NULL, '123.201.0.240', 8),
(37, 42, 5, NULL, NULL, '42_5.pdf', '42_5.pdf', '2024-01-13 10:50:35', NULL, '106.201.201.202', 8),
(38, 43, 5, NULL, NULL, '43_5.pdf', '43_5.pdf', '2024-01-13 10:51:33', NULL, '106.201.201.202', 8),
(39, 44, 3, NULL, NULL, '44_3.pdf', '44_3.pdf', '2024-01-13 10:52:59', NULL, '106.201.201.202', 8),
(40, 46, 5, NULL, NULL, '46_5.pdf', '46_5.pdf', '2024-01-13 11:01:36', NULL, '106.201.201.202', 8),
(41, 45, 3, NULL, NULL, '45_3.pdf', '45_3.pdf', '2024-01-13 11:02:29', NULL, '106.201.201.202', 8),
(42, 47, 3, NULL, NULL, '47_3.pdf', '47_3.pdf', '2024-01-13 11:03:58', NULL, '106.201.201.202', 8),
(43, 48, 3, NULL, NULL, '48_3.pdf', '48_3.pdf', '2024-01-13 11:06:20', NULL, '106.201.201.202', 8),
(44, 49, 3, NULL, NULL, '49_3.pdf', '49_3.pdf', '2024-01-13 11:28:22', NULL, '106.201.201.202', 8),
(53, 67, 3, NULL, NULL, '67_3.pdf', '67_3.pdf', '2024-01-16 15:40:03', NULL, '122.162.221.254', 8),
(57, 72, 3, NULL, NULL, '72_3.pdf', '72_3.pdf', '2024-01-17 16:51:58', NULL, '106.215.36.54', 8),
(55, 70, 6, NULL, NULL, '70_6.pdf', '70_6.pdf', '2024-01-16 16:37:09', NULL, '122.162.221.254', 8),
(56, 71, 3, NULL, NULL, '71_3.pdf', '71_3.pdf', '2024-01-16 17:37:34', NULL, '2405:201:4018:31ee:e0cf:e29c:cb37:f519', 8),
(58, 74, 3, NULL, NULL, '74_3.pdf', '74_3.pdf', '2024-01-19 13:32:57', NULL, '122.167.149.123', 8),
(59, 74, 3, NULL, NULL, '74_3.pdf', '74_3.pdf', '2024-01-19 13:34:56', NULL, '122.167.149.123', 8),
(60, 74, 3, NULL, NULL, '74_3.pdf', '74_3.pdf', '2024-01-19 13:37:15', NULL, '122.167.149.123', 8),
(61, 75, 3, NULL, NULL, '75_3.pdf', '75_3.pdf', '2024-01-19 13:38:31', NULL, '122.167.149.123', 8),
(62, 76, 5, NULL, NULL, '76_5.pdf', '76_5.pdf', '2024-01-19 13:41:24', NULL, '122.167.149.123', 8),
(63, 77, 3, NULL, NULL, '77_3.pdf', '77_3.pdf', '2024-01-19 13:42:50', NULL, '122.167.149.123', 8),
(64, 78, 3, NULL, NULL, '78_3.pdf', '78_3.pdf', '2024-01-19 13:46:37', NULL, '122.167.149.123', 8),
(65, 79, 3, NULL, NULL, '79_3.pdf', '79_3.pdf', '2024-01-19 13:58:45', NULL, '122.167.149.123', 8),
(66, 79, 4, NULL, NULL, '79_4.pdf', '79_4.pdf', '2024-01-19 13:59:11', NULL, '122.167.149.123', 8),
(67, 80, 3, NULL, NULL, '80_3.pdf', '80_3.pdf', '2024-01-19 14:08:24', NULL, '122.167.149.123', 8),
(68, 81, 5, NULL, NULL, '81_5.pdf', '81_5.pdf', '2024-01-19 14:27:08', NULL, '122.167.149.123', 8),
(69, 82, 5, NULL, NULL, '82_5.pdf', '82_5.pdf', '2024-01-19 14:28:54', NULL, '122.167.149.123', 8),
(70, 83, 3, NULL, NULL, '83_3.pdf', '83_3.pdf', '2024-01-19 14:30:24', NULL, '122.167.149.123', 8),
(71, 84, 3, NULL, NULL, '84_3.pdf', '84_3.pdf', '2024-01-19 14:31:41', NULL, '122.167.149.123', 8),
(72, 85, 5, NULL, NULL, '85_5.pdf', '85_5.pdf', '2024-01-19 14:37:56', NULL, '122.167.149.123', 8),
(73, 86, 5, NULL, NULL, '86_5.pdf', '86_5.pdf', '2024-01-19 14:39:13', NULL, '122.167.149.123', 8),
(74, 87, 3, NULL, NULL, '87_3.pdf', '87_3.pdf', '2024-01-19 14:40:32', NULL, '122.167.149.123', 8),
(75, 88, 5, NULL, NULL, '88_5.pdf', '88_5.pdf', '2024-01-19 14:41:46', NULL, '122.167.149.123', 8),
(76, 89, 3, NULL, NULL, '89_3.pdf', '89_3.pdf', '2024-01-19 14:44:27', NULL, '122.167.149.123', 8),
(77, 91, 5, NULL, NULL, '91_5.pdf', '91_5.pdf', '2024-01-19 14:45:34', NULL, '122.167.149.123', 8),
(78, 92, 5, NULL, NULL, '92_5.pdf', '92_5.pdf', '2024-01-19 14:47:46', NULL, '122.167.149.123', 8),
(79, 93, 5, NULL, NULL, '93_5.pdf', '93_5.pdf', '2024-01-19 14:49:03', NULL, '122.167.149.123', 8),
(80, 94, 3, NULL, NULL, '94_3.pdf', '94_3.pdf', '2024-01-19 15:26:45', NULL, '2405:201:4018:31ee:4dfb:d0d3:1888:a6ed', 8),
(81, 95, 3, NULL, NULL, '95_3.pdf', '95_3.pdf', '2024-01-19 16:03:09', NULL, '122.167.149.123', 8),
(82, 96, 4, NULL, NULL, '96_4.pdf', '96_4.pdf', '2024-01-19 16:10:17', NULL, '122.167.149.123', 8),
(83, 97, 6, NULL, NULL, '97_6.pdf', '97_6.pdf', '2024-01-19 16:12:01', NULL, '122.167.149.123', 8),
(84, 73, 3, NULL, NULL, '73_3.pdf', '73_3.pdf', '2024-01-19 16:18:48', NULL, '122.167.149.123', 8),
(85, 98, 6, NULL, NULL, '98_6.pdf', '98_6.pdf', '2024-01-19 16:26:24', NULL, '122.167.149.123', 8),
(86, 99, 5, NULL, NULL, '99_5.pdf', '99_5.pdf', '2024-01-19 17:40:37', NULL, '122.167.149.123', 8),
(87, 90, 3, NULL, NULL, '90_3.pdf', '90_3.pdf', '2024-01-19 23:08:50', NULL, '2405:201:4018:31ee:4dfb:d0d3:1888:a6ed', 8);

-- --------------------------------------------------------

--
-- Table structure for table `doc_decline`
--

DROP TABLE IF EXISTS `doc_decline`;
CREATE TABLE IF NOT EXISTS `doc_decline` (
  `doc_decline_id` int(11) NOT NULL AUTO_INCREMENT,
  `document_id` int(11) DEFAULT NULL,
  `form_id` int(11) DEFAULT NULL,
  `doc_decline_date` datetime DEFAULT NULL,
  `doc_reply_ip` varchar(100) DEFAULT NULL,
  `company_id` int(11) DEFAULT NULL,
  PRIMARY KEY (`doc_decline_id`),
  KEY `doc_decline_id` (`doc_decline_id`)
) ENGINE=MyISAM AUTO_INCREMENT=33 DEFAULT CHARSET=latin1;

--
-- Dumping data for table `doc_decline`
--

INSERT INTO `doc_decline` (`doc_decline_id`, `document_id`, `form_id`, `doc_decline_date`, `doc_reply_ip`, `company_id`) VALUES
(1, 1, 3, '2024-01-19 10:54:13', '127.0.0.1', 8),
(2, 2, 3, '2024-01-19 10:56:19', '127.0.0.1', 8),
(3, 3, 3, '2024-01-19 11:05:03', '127.0.0.1', 8),
(4, 4, 3, '2024-01-19 11:08:15', '127.0.0.1', 8),
(5, 5, 11, '2024-01-19 11:10:56', '127.0.0.1', 8),
(6, 6, 5, '2024-01-19 11:13:17', '127.0.0.1', 8),
(7, 8, 4, '2024-01-19 12:37:27', '127.0.0.1', 8),
(8, 74, 3, '2024-01-19 13:32:57', '122.167.149.123', 8),
(9, 74, 3, '2024-01-19 13:34:56', '122.167.149.123', 8),
(10, 74, 3, '2024-01-19 13:37:15', '122.167.149.123', 8),
(11, 75, 3, '2024-01-19 13:38:31', '122.167.149.123', 8),
(12, 76, 5, '2024-01-19 13:41:24', '122.167.149.123', 8),
(13, 77, 3, '2024-01-19 13:42:50', '122.167.149.123', 8),
(14, 79, 4, '2024-01-19 13:59:11', '122.167.149.123', 8),
(15, 80, 3, '2024-01-19 14:08:24', '122.167.149.123', 8),
(16, 81, 5, '2024-01-19 14:27:08', '122.167.149.123', 8),
(17, 82, 5, '2024-01-19 14:28:54', '122.167.149.123', 8),
(18, 83, 3, '2024-01-19 14:30:24', '122.167.149.123', 8),
(19, 84, 3, '2024-01-19 14:31:41', '122.167.149.123', 8),
(20, 85, 5, '2024-01-19 14:37:56', '122.167.149.123', 8),
(21, 86, 5, '2024-01-19 14:39:13', '122.167.149.123', 8),
(22, 87, 3, '2024-01-19 14:40:32', '122.167.149.123', 8),
(23, 88, 5, '2024-01-19 14:41:46', '122.167.149.123', 8),
(24, 89, 3, '2024-01-19 14:44:27', '122.167.149.123', 8),
(25, 91, 5, '2024-01-19 14:45:34', '122.167.149.123', 8),
(26, 92, 5, '2024-01-19 14:47:46', '122.167.149.123', 8),
(27, 93, 5, '2024-01-19 14:49:03', '122.167.149.123', 8),
(28, 95, 3, '2024-01-19 16:03:09', '122.167.149.123', 8),
(29, 96, 4, '2024-01-19 16:10:17', '122.167.149.123', 8),
(30, 73, 3, '2024-01-19 16:18:48', '122.167.149.123', 8),
(31, 98, 6, '2024-01-19 16:26:24', '122.167.149.123', 8),
(32, 99, 5, '2024-01-19 17:40:37', '122.167.149.123', 8);

-- --------------------------------------------------------

--
-- Table structure for table `doc_form`
--

DROP TABLE IF EXISTS `doc_form`;
CREATE TABLE IF NOT EXISTS `doc_form` (
  `doc_form_id` int(11) NOT NULL AUTO_INCREMENT,
  `doc_id` int(11) DEFAULT NULL,
  `form_id` int(11) DEFAULT NULL,
  `company_id` int(11) DEFAULT NULL,
  PRIMARY KEY (`doc_form_id`),
  KEY `doc_form_id` (`doc_form_id`)
) ENGINE=MyISAM DEFAULT CHARSET=latin1;

-- --------------------------------------------------------

--
-- Table structure for table `form`
--

DROP TABLE IF EXISTS `form`;
CREATE TABLE IF NOT EXISTS `form` (
  `form_id` int(11) NOT NULL AUTO_INCREMENT,
  `form_title` varchar(100) DEFAULT NULL,
  `form_file` longtext,
  `form_created_date` date DEFAULT NULL,
  `form_status` enum('Active','In-Active') DEFAULT NULL,
  `category_id` varchar(100) DEFAULT NULL,
  `company_id` int(11) DEFAULT NULL,
  PRIMARY KEY (`form_id`),
  KEY `form_id` (`form_id`)
) ENGINE=MyISAM AUTO_INCREMENT=10 DEFAULT CHARSET=latin1;

--
-- Dumping data for table `form`
--

INSERT INTO `form` (`form_id`, `form_title`, `form_file`, `form_created_date`, `form_status`, `category_id`, `company_id`) VALUES
(3, 'miami.pdf', '73648_miami.pdf', '2024-01-10', 'Active', '0', 8),
(4, 'Consent Form For Client Demo.pdf', '71784_Consent Form For Client Demo.pdf', '2024-01-12', 'Active', '0', 8),
(5, 'form.pdf', '74663_form.pdf', '2024-01-13', 'Active', '0', 8),
(6, 'miami_new.pdf', '52921_miami_new.pdf', '2024-01-15', 'Active', '0', 8),
(7, 'sample_new.pdf', '47001_sample_new.pdf', '2024-01-15', 'Active', '0', 8),
(8, 'certificate.pdf', '95142_certificate.pdf', '2024-01-15', 'Active', '0', 8),
(9, 'second.pdf', '92382_second.pdf', '2024-01-15', 'Active', '0', 8);

-- --------------------------------------------------------

--
-- Table structure for table `log_history`
--

DROP TABLE IF EXISTS `log_history`;
CREATE TABLE IF NOT EXISTS `log_history` (
  `log_history_id` int(11) NOT NULL AUTO_INCREMENT,
  `document_id` int(11) DEFAULT NULL,
  `form_id` int(11) DEFAULT NULL,
  `log_history_action` enum('document_create','document_emailed','email_viewed','document_esigned','completed','declined') DEFAULT NULL,
  `log_name` varchar(100) DEFAULT NULL,
  `log_email` varchar(100) DEFAULT NULL,
  `log_date_time` datetime DEFAULT NULL,
  `log_date_time_zone` varchar(100) DEFAULT NULL,
  `log_ip_address` varchar(100) DEFAULT NULL,
  `log_message` longtext,
  `log_guid` varchar(100) DEFAULT NULL,
  PRIMARY KEY (`log_history_id`),
  KEY `log_history_id` (`log_history_id`)
) ENGINE=MyISAM AUTO_INCREMENT=477 DEFAULT CHARSET=latin1;

--
-- Dumping data for table `log_history`
--

INSERT INTO `log_history` (`log_history_id`, `document_id`, `form_id`, `log_history_action`, `log_name`, `log_email`, `log_date_time`, `log_date_time_zone`, `log_ip_address`, `log_message`, `log_guid`) VALUES
(1, 1, 1, 'document_create', 'Eyehub', 'eyehub@gmail.com', '2024-01-11 20:41:07', 'GMT', '127.0.0.1', 'Document created by Eyehub(eyehub@gmail.com)', '56h7Ah65eiZvpSGhDHeJyta4q'),
(2, 1, 1, 'document_emailed', 'Sandip Shah', 'Sandip Shah', '2024-01-11 20:41:07', 'GMT', '127.0.0.1', 'Document emailed to Sandip Shah for signature', NULL),
(3, 1, 1, 'email_viewed', 'Sandip Shah', 'Sandip Shah', '2024-01-11 20:41:07', 'GMT', '127.0.0.1', 'Email Viewed by Sandip Shah', NULL),
(4, 2, 1, 'document_create', 'Eyehub', 'eyehub@gmail.com', '2024-01-11 20:43:22', 'GMT', '127.0.0.1', 'Document created by Eyehub(eyehub@gmail.com)', 'L7ljPOjmiXGfuxlHmDDsDF690'),
(5, 2, 1, 'document_emailed', 'sandipshirawala@gmail.com', 'sandipshirawala@gmail.com', '2024-01-11 20:43:22', 'GMT', '127.0.0.1', 'Document emailed to sandipshirawala@gmail.com for signature', NULL),
(6, 2, 1, 'email_viewed', 'sandipshirawala@gmail.com', 'sandipshirawala@gmail.com', '2024-01-11 20:43:56', 'GMT', '127.0.0.1', 'Email Viewed by sandipshirawala@gmail.com', NULL),
(7, 2, 1, 'document_esigned', '', '', '2024-01-11 20:44:58', 'GMT', '127.0.0.1', 'Document Esigned ', NULL),
(8, 2, 1, 'completed', '', '', '2024-01-11 20:44:58', 'GMT', '127.0.0.1', 'Agreement Completed.', NULL),
(9, 3, 1, 'document_create', 'Eyehub', 'eyehub@gmail.com', '2024-01-11 20:48:26', 'GMT', '127.0.0.1', 'Document created by Eyehub(eyehub@gmail.com)', 'LwDPFdiL5plRi22EDSRCR0G18'),
(10, 3, 1, 'document_emailed', 'Ira Darji', 'Ira Darji', '2024-01-11 20:48:26', 'GMT', '127.0.0.1', 'Document emailed to Ira Darji for signature', NULL),
(11, 3, 1, 'email_viewed', 'Ira Darji', 'Ira Darji', '2024-01-11 20:48:26', 'GMT', '127.0.0.1', 'Email Viewed by Ira Darji', NULL),
(12, 3, 1, 'document_esigned', '', '', '2024-01-11 20:50:02', 'GMT', '127.0.0.1', 'Document Esigned ', NULL),
(13, 3, 1, 'completed', '', '', '2024-01-11 20:50:02', 'GMT', '127.0.0.1', 'Agreement Completed.', NULL),
(14, 4, 1, 'document_create', 'Eyehub', 'eyehub@gmail.com', '2024-01-11 20:56:35', 'GMT', '127.0.0.1', 'Document created by Eyehub(eyehub@gmail.com)', 'BLi2L7ktafWoIVBW30HhIszER'),
(15, 4, 1, 'document_emailed', 'Pointer', 'Pointer', '2024-01-11 20:56:35', 'GMT', '127.0.0.1', 'Document emailed to Pointer for signature', NULL),
(16, 4, 1, 'email_viewed', 'Pointer', 'Pointer', '2024-01-11 20:56:35', 'GMT', '127.0.0.1', 'Email Viewed by Pointer', NULL),
(17, 4, 1, 'document_esigned', '', '', '2024-01-11 20:57:08', 'GMT', '127.0.0.1', 'Document Esigned ', NULL),
(18, 4, 1, 'completed', '', '', '2024-01-11 20:57:08', 'GMT', '127.0.0.1', 'Agreement Completed.', NULL),
(19, 5, 1, 'document_create', 'Eyehub', 'eyehub@gmail.com', '2024-01-11 20:59:20', 'GMT', '127.0.0.1', 'Document created by Eyehub(eyehub@gmail.com)', 'C4ytYzY6eZbiws5kBdrRtMW6m'),
(20, 5, 1, 'document_emailed', 'Kinnari patel', 'Kinnari patel', '2024-01-11 20:59:20', 'GMT', '127.0.0.1', 'Document emailed to Kinnari patel for signature', NULL),
(21, 5, 1, 'email_viewed', 'Kinnari patel', 'Kinnari patel', '2024-01-11 20:59:21', 'GMT', '127.0.0.1', 'Email Viewed by Kinnari patel', NULL),
(22, 5, 1, 'document_esigned', '', '', '2024-01-11 21:00:56', 'GMT', '127.0.0.1', 'Document Esigned ', NULL),
(23, 5, 1, 'completed', '', '', '2024-01-11 21:00:56', 'GMT', '127.0.0.1', 'Agreement Completed.', NULL),
(24, 6, 1, 'document_create', 'Eyehub', 'eyehub@gmail.com', '2024-01-11 21:02:33', 'GMT', '127.0.0.1', 'Document created by Eyehub(eyehub@gmail.com)', 'TelyRMZqBfGX7dmFoLwopCbuz'),
(25, 6, 1, 'document_emailed', 'Gitanjali', 'Gitanjali', '2024-01-11 21:02:33', 'GMT', '127.0.0.1', 'Document emailed to Gitanjali for signature', NULL),
(26, 6, 1, 'email_viewed', 'Gitanjali', 'Gitanjali', '2024-01-11 21:02:33', 'GMT', '127.0.0.1', 'Email Viewed by Gitanjali', NULL),
(27, 6, 1, 'document_esigned', '', '', '2024-01-11 21:03:08', 'GMT', '127.0.0.1', 'Document Esigned ', NULL),
(28, 6, 1, 'completed', '', '', '2024-01-11 21:03:08', 'GMT', '127.0.0.1', 'Agreement Completed.', NULL),
(29, 7, 2, 'document_create', 'Eyehub', 'eyehub@gmail.com', '2024-01-11 21:04:04', 'GMT', '127.0.0.1', 'Document created by Eyehub(eyehub@gmail.com)', '2VAEozpWlrbSFsG9tFHTe2sdP'),
(30, 7, 2, 'document_emailed', 'Priyatama', 'Priyatama', '2024-01-11 21:04:04', 'GMT', '127.0.0.1', 'Document emailed to Priyatama for signature', NULL),
(31, 7, 2, 'email_viewed', 'Priyatama', 'Priyatama', '2024-01-11 21:04:05', 'GMT', '127.0.0.1', 'Email Viewed by Priyatama', NULL),
(32, 8, 1, 'document_create', 'Eyehub', 'eyehub@gmail.com', '2024-01-11 21:04:30', 'GMT', '127.0.0.1', 'Document created by Eyehub(eyehub@gmail.com)', 'PFTFVaS6ccQhOGnUACsIg6hNX'),
(33, 8, 1, 'document_emailed', 'Mahendra Shirawala', 'Mahendra Shirawala', '2024-01-11 21:04:30', 'GMT', '127.0.0.1', 'Document emailed to Mahendra Shirawala for signature', NULL),
(34, 8, 1, 'email_viewed', 'Mahendra Shirawala', 'Mahendra Shirawala', '2024-01-11 21:04:30', 'GMT', '127.0.0.1', 'Email Viewed by Mahendra Shirawala', NULL),
(35, 8, 1, 'document_esigned', '', '', '2024-01-11 21:05:08', 'GMT', '127.0.0.1', 'Document Esigned ', NULL),
(36, 8, 1, 'completed', '', '', '2024-01-11 21:05:08', 'GMT', '127.0.0.1', 'Agreement Completed.', NULL),
(37, 9, 1, 'document_create', 'Eyehub', 'eyehub@gmail.com', '2024-01-11 21:20:28', 'GMT', '127.0.0.1', 'Document created by Eyehub(eyehub@gmail.com)', 'p7QI1DIlPmIYXU53hG8NuJk9t'),
(38, 9, 1, 'document_emailed', 'IRV', 'IRV', '2024-01-11 21:20:28', 'GMT', '127.0.0.1', 'Document emailed to IRV for signature', NULL),
(39, 9, 1, 'email_viewed', 'IRV', 'IRV', '2024-01-11 21:20:28', 'GMT', '127.0.0.1', 'Email Viewed by IRV', NULL),
(40, 9, 1, 'document_esigned', '', '', '2024-01-11 21:20:52', 'GMT', '127.0.0.1', 'Document Esigned ', NULL),
(41, 9, 1, 'completed', '', '', '2024-01-11 21:20:52', 'GMT', '127.0.0.1', 'Agreement Completed.', NULL),
(42, 10, 1, 'document_create', 'Eyehub', 'eyehub@gmail.com', '2024-01-11 21:23:25', 'GMT', '127.0.0.1', 'Document created by Eyehub(eyehub@gmail.com)', 'rwdBbg1gNXy8Fn6Gx0JLrqSkM'),
(43, 10, 1, 'document_emailed', 'Pinal', 'Pinal', '2024-01-11 21:23:25', 'GMT', '127.0.0.1', 'Document emailed to Pinal for signature', NULL),
(44, 10, 1, 'email_viewed', 'Pinal', 'Pinal', '2024-01-11 21:23:25', 'GMT', '127.0.0.1', 'Email Viewed by Pinal', NULL),
(45, 10, 1, 'document_esigned', '', '', '2024-01-11 21:23:52', 'GMT', '127.0.0.1', 'Document Esigned ', NULL),
(46, 10, 1, 'completed', '', '', '2024-01-11 21:23:52', 'GMT', '127.0.0.1', 'Agreement Completed.', NULL),
(47, 11, 1, 'document_create', 'Eyehub', 'eyehub@gmail.com', '2024-01-11 21:25:05', 'GMT', '127.0.0.1', 'Document created by Eyehub(eyehub@gmail.com)', 's4xoqRn6XVHgaAiFx5r52pj7E'),
(48, 11, 1, 'document_emailed', 'Pranjal', 'Pranjal', '2024-01-11 21:25:05', 'GMT', '127.0.0.1', 'Document emailed to Pranjal for signature', NULL),
(49, 11, 1, 'email_viewed', 'Pranjal', 'Pranjal', '2024-01-11 21:25:06', 'GMT', '127.0.0.1', 'Email Viewed by Pranjal', NULL),
(50, 11, 1, 'document_esigned', '', '', '2024-01-11 21:25:32', 'GMT', '127.0.0.1', 'Document Esigned ', NULL),
(51, 11, 1, 'completed', '', '', '2024-01-11 21:25:32', 'GMT', '127.0.0.1', 'Agreement Completed.', NULL),
(52, 12, 1, 'document_create', 'Eyehub', 'eyehub@gmail.com', '2024-01-11 21:29:33', 'GMT', '127.0.0.1', 'Document created by Eyehub(eyehub@gmail.com)', 'wOj4hf45Hdgc2V9KFJBGPZFmR'),
(53, 12, 1, 'document_emailed', 'Pinal', 'Pinal', '2024-01-11 21:29:33', 'GMT', '127.0.0.1', 'Document emailed to Pinal for signature', NULL),
(54, 12, 1, 'email_viewed', 'Pinal', 'Pinal', '2024-01-11 21:29:33', 'GMT', '127.0.0.1', 'Email Viewed by Pinal', NULL),
(55, 12, 1, 'document_esigned', '', '', '2024-01-11 21:31:53', 'GMT', '127.0.0.1', 'Document Esigned ', NULL),
(56, 12, 1, 'completed', '', '', '2024-01-11 21:31:53', 'GMT', '127.0.0.1', 'Agreement Completed.', NULL),
(57, 13, 3, 'document_create', 'Eyehub', 'eyehub@gmail.com', '2024-01-11 21:35:37', 'GMT', '127.0.0.1', 'Document created by Eyehub(eyehub@gmail.com)', 'PInQtePd2cx61w9zCyCCvQORP'),
(58, 13, 3, 'document_emailed', 'Mahendra Shirawala', 'Mahendra Shirawala', '2024-01-11 21:35:37', 'GMT', '127.0.0.1', 'Document emailed to Mahendra Shirawala for signature', NULL),
(59, 13, 3, 'email_viewed', 'Mahendra Shirawala', 'Mahendra Shirawala', '2024-01-11 21:35:37', 'GMT', '127.0.0.1', 'Email Viewed by Mahendra Shirawala', NULL),
(60, 13, 3, 'document_esigned', '', '', '2024-01-11 21:36:51', 'GMT', '127.0.0.1', 'Document Esigned ', NULL),
(61, 13, 3, 'completed', '', '', '2024-01-11 21:36:51', 'GMT', '127.0.0.1', 'Agreement Completed.', NULL),
(62, 14, 1, 'document_create', 'Eyehub', 'eyehub@gmail.com', '2024-01-11 23:01:19', 'GMT', '127.0.0.1', 'Document created by Eyehub(eyehub@gmail.com)', 'w6VqiAUtLkl5pxLbordTAbszo'),
(63, 14, 1, 'document_emailed', 'Rajesh', 'Rajesh', '2024-01-11 23:01:19', 'GMT', '127.0.0.1', 'Document emailed to Rajesh for signature', NULL),
(64, 14, 1, 'email_viewed', 'Rajesh', 'Rajesh', '2024-01-11 23:01:19', 'GMT', '127.0.0.1', 'Email Viewed by Rajesh', NULL),
(65, 14, 1, 'document_esigned', '', '', '2024-01-11 23:04:14', 'GMT', '127.0.0.1', 'Document Esigned ', NULL),
(66, 14, 1, 'completed', '', '', '2024-01-11 23:04:14', 'GMT', '127.0.0.1', 'Agreement Completed.', NULL),
(67, 15, 1, 'document_create', 'Eyehub', 'eyehub@gmail.com', '2024-01-11 23:06:29', 'GMT', '127.0.0.1', 'Document created by Eyehub(eyehub@gmail.com)', 'WlWqTtbHpOS2xKLu1041x3R4q'),
(68, 15, 1, 'document_emailed', 'Pinal Patel', 'Pinal Patel', '2024-01-11 23:06:29', 'GMT', '127.0.0.1', 'Document emailed to Pinal Patel for signature', NULL),
(69, 15, 1, 'email_viewed', 'Pinal Patel', 'Pinal Patel', '2024-01-11 23:06:30', 'GMT', '127.0.0.1', 'Email Viewed by Pinal Patel', NULL),
(70, 15, 1, 'document_esigned', '', '', '2024-01-11 23:06:53', 'GMT', '127.0.0.1', 'Document Esigned ', NULL),
(71, 15, 1, 'completed', '', '', '2024-01-11 23:06:53', 'GMT', '127.0.0.1', 'Agreement Completed.', NULL),
(72, 16, 1, 'document_create', 'Eyehub', 'eyehub@gmail.com', '2024-01-11 23:09:09', 'GMT', '127.0.0.1', 'Document created by Eyehub(eyehub@gmail.com)', 'gTFIfXv7mJQgPRlj5irdf0RGX'),
(73, 16, 1, 'document_emailed', 'Nitya Roy', 'Nitya Roy', '2024-01-11 23:09:09', 'GMT', '127.0.0.1', 'Document emailed to Nitya Roy for signature', NULL),
(74, 16, 1, 'email_viewed', 'Nitya Roy', 'Nitya Roy', '2024-01-11 23:09:10', 'GMT', '127.0.0.1', 'Email Viewed by Nitya Roy', NULL),
(75, 16, 1, 'document_esigned', '', '', '2024-01-11 23:09:41', 'GMT', '127.0.0.1', 'Document Esigned ', NULL),
(76, 16, 1, 'completed', '', '', '2024-01-11 23:09:41', 'GMT', '127.0.0.1', 'Agreement Completed.', NULL),
(77, 17, 1, 'document_create', 'Eyehub', 'eyehub@gmail.com', '2024-01-11 23:11:46', 'GMT', '127.0.0.1', 'Document created by Eyehub(eyehub@gmail.com)', 'PMtjvoOnvwKy32dw8mYixAkbI'),
(78, 17, 1, 'document_emailed', 'Dipanshi', 'Dipanshi', '2024-01-11 23:11:46', 'GMT', '127.0.0.1', 'Document emailed to Dipanshi for signature', NULL),
(79, 17, 1, 'email_viewed', 'Dipanshi', 'Dipanshi', '2024-01-11 23:11:46', 'GMT', '127.0.0.1', 'Email Viewed by Dipanshi', NULL),
(80, 17, 1, 'document_esigned', '', '', '2024-01-11 23:12:13', 'GMT', '127.0.0.1', 'Document Esigned ', NULL),
(81, 17, 1, 'completed', '', '', '2024-01-11 23:12:13', 'GMT', '127.0.0.1', 'Agreement Completed.', NULL),
(82, 18, 1, 'document_create', 'Eyehub', 'eyehub@gmail.com', '2024-01-11 23:14:10', 'GMT', '127.0.0.1', 'Document created by Eyehub(eyehub@gmail.com)', '1mrh8hLg6RIXkwN1He9Zjx1dW'),
(83, 18, 1, 'document_emailed', 'Rajesh', 'Rajesh', '2024-01-11 23:14:10', 'GMT', '127.0.0.1', 'Document emailed to Rajesh for signature', NULL),
(84, 18, 1, 'email_viewed', 'Rajesh', 'Rajesh', '2024-01-11 23:14:10', 'GMT', '127.0.0.1', 'Email Viewed by Rajesh', NULL),
(85, 18, 1, 'document_esigned', '', '', '2024-01-11 23:14:42', 'GMT', '127.0.0.1', 'Document Esigned ', NULL),
(86, 18, 1, 'completed', '', '', '2024-01-11 23:14:42', 'GMT', '127.0.0.1', 'Agreement Completed.', NULL),
(87, 19, 1, 'document_create', 'Eyehub', 'eyehub@gmail.com', '2024-01-11 23:15:41', 'GMT', '127.0.0.1', 'Document created by Eyehub(eyehub@gmail.com)', 'gSAHHQOVY2nCKt3CU1yrcAmuW'),
(88, 19, 1, 'document_emailed', 'Niranjan Patel', 'Niranjan Patel', '2024-01-11 23:15:41', 'GMT', '127.0.0.1', 'Document emailed to Niranjan Patel for signature', NULL),
(89, 19, 1, 'email_viewed', 'Niranjan Patel', 'Niranjan Patel', '2024-01-11 23:15:41', 'GMT', '127.0.0.1', 'Email Viewed by Niranjan Patel', NULL),
(90, 19, 1, 'document_esigned', '', '', '2024-01-11 23:16:09', 'GMT', '127.0.0.1', 'Document Esigned ', NULL),
(91, 19, 1, 'completed', '', '', '2024-01-11 23:16:09', 'GMT', '127.0.0.1', 'Agreement Completed.', NULL),
(92, 20, 1, 'document_create', 'Eyehub', 'eyehub@gmail.com', '2024-01-11 23:18:43', 'GMT', '127.0.0.1', 'Document created by Eyehub(eyehub@gmail.com)', 'Z3Dut0qIvzOMCr3gQTJGxd3fZ'),
(93, 20, 1, 'document_emailed', 'Pradipbhai', 'Pradipbhai', '2024-01-11 23:18:43', 'GMT', '127.0.0.1', 'Document emailed to Pradipbhai for signature', NULL),
(94, 20, 1, 'email_viewed', 'Pradipbhai', 'Pradipbhai', '2024-01-11 23:18:44', 'GMT', '127.0.0.1', 'Email Viewed by Pradipbhai', NULL),
(95, 20, 1, 'document_esigned', '', '', '2024-01-11 23:19:19', 'GMT', '127.0.0.1', 'Document Esigned ', NULL),
(96, 20, 1, 'completed', '', '', '2024-01-11 23:19:19', 'GMT', '127.0.0.1', 'Agreement Completed.', NULL),
(97, 21, 1, 'document_create', 'Eyehub', 'eyehub@gmail.com', '2024-01-11 23:20:27', 'GMT', '127.0.0.1', 'Document created by Eyehub(eyehub@gmail.com)', '9jcpxaXmuZuErc5iagi3oF7Em'),
(98, 21, 1, 'document_emailed', 'Prashant Bhai', 'Prashant Bhai', '2024-01-11 23:20:27', 'GMT', '127.0.0.1', 'Document emailed to Prashant Bhai for signature', NULL),
(99, 21, 1, 'email_viewed', 'Prashant Bhai', 'Prashant Bhai', '2024-01-11 23:20:28', 'GMT', '127.0.0.1', 'Email Viewed by Prashant Bhai', NULL),
(100, 21, 1, 'document_esigned', '', '', '2024-01-11 23:22:07', 'GMT', '127.0.0.1', 'Document Esigned ', NULL),
(101, 21, 1, 'completed', '', '', '2024-01-11 23:22:07', 'GMT', '127.0.0.1', 'Agreement Completed.', NULL),
(102, 22, 1, 'document_create', 'Eyehub', 'eyehub@gmail.com', '2024-01-11 23:24:43', 'GMT', '127.0.0.1', 'Document created by Eyehub(eyehub@gmail.com)', '9uOFFMjC2ZtxZhO5vz7dlR5VC'),
(103, 22, 1, 'document_emailed', 'Lakshya', 'Lakshya', '2024-01-11 23:24:43', 'GMT', '127.0.0.1', 'Document emailed to Lakshya for signature', NULL),
(104, 22, 1, 'email_viewed', 'Lakshya', 'Lakshya', '2024-01-11 23:24:43', 'GMT', '127.0.0.1', 'Email Viewed by Lakshya', NULL),
(105, 22, 1, 'document_esigned', '', '', '2024-01-11 23:25:17', 'GMT', '127.0.0.1', 'Document Esigned ', NULL),
(106, 22, 1, 'completed', '', '', '2024-01-11 23:25:17', 'GMT', '127.0.0.1', 'Agreement Completed.', NULL),
(107, 23, 1, 'document_create', 'Eyehub', 'eyehub@gmail.com', '2024-01-12 10:31:58', 'GMT', '127.0.0.1', 'Document created by Eyehub(eyehub@gmail.com)', 'MB7wUF1giUdbL8i0EUkyZmPkJ'),
(108, 23, 1, 'document_emailed', 'Purav Topiwala', 'Purav Topiwala', '2024-01-12 10:31:58', 'GMT', '127.0.0.1', 'Document emailed to Purav Topiwala for signature', NULL),
(109, 23, 1, 'email_viewed', 'Purav Topiwala', 'Purav Topiwala', '2024-01-12 10:31:59', 'GMT', '127.0.0.1', 'Email Viewed by Purav Topiwala', NULL),
(110, 23, 1, 'document_esigned', '', '', '2024-01-12 10:32:41', 'GMT', '127.0.0.1', 'Document Esigned ', NULL),
(111, 23, 1, 'completed', '', '', '2024-01-12 10:32:41', 'GMT', '127.0.0.1', 'Agreement Completed.', NULL),
(112, 24, 1, 'document_create', 'Eyehub', 'eyehub@gmail.com', '2024-01-12 10:33:16', 'GMT', '127.0.0.1', 'Document created by Eyehub(eyehub@gmail.com)', '3ccYmr19KrPaGZL6zd5QSdIb0'),
(113, 24, 1, 'document_emailed', 'PNT', 'PNT', '2024-01-12 10:33:16', 'GMT', '127.0.0.1', 'Document emailed to PNT for signature', NULL),
(114, 24, 1, 'email_viewed', 'PNT', 'PNT', '2024-01-12 10:33:17', 'GMT', '127.0.0.1', 'Email Viewed by PNT', NULL),
(115, 24, 1, 'document_esigned', '', '', '2024-01-12 10:33:45', 'GMT', '127.0.0.1', 'Document Esigned ', NULL),
(116, 24, 1, 'completed', '', '', '2024-01-12 10:33:45', 'GMT', '127.0.0.1', 'Agreement Completed.', NULL),
(117, 25, 1, 'document_create', 'Eyehub', 'eyehub@gmail.com', '2024-01-12 13:00:34', 'GMT', '127.0.0.1', 'Document created by Eyehub(eyehub@gmail.com)', '3DgDC0ogHokhpDYrv22lTmDAJ'),
(118, 25, 1, 'document_emailed', 'Niranjan Patel', 'Niranjan Patel', '2024-01-12 13:00:34', 'GMT', '127.0.0.1', 'Document emailed to Niranjan Patel for signature', NULL),
(119, 25, 1, 'email_viewed', 'Niranjan Patel', 'Niranjan Patel', '2024-01-12 13:00:34', 'GMT', '127.0.0.1', 'Email Viewed by Niranjan Patel', NULL),
(120, 25, 1, 'document_esigned', '', '', '2024-01-12 13:02:05', 'GMT', '127.0.0.1', 'Document Esigned ', NULL),
(121, 25, 1, 'completed', '', '', '2024-01-12 13:02:05', 'GMT', '127.0.0.1', 'Agreement Completed.', NULL),
(122, 26, 1, 'document_create', 'Eyehub', 'eyehub@gmail.com', '2024-01-12 13:19:30', 'GMT', '127.0.0.1', 'Document created by Eyehub(eyehub@gmail.com)', 'mdz1dA5rYdDXraAGCUppjyjDo'),
(123, 26, 1, 'document_emailed', 'Kanti Bullet', 'Kanti Bullet', '2024-01-12 13:19:30', 'GMT', '127.0.0.1', 'Document emailed to Kanti Bullet for signature', NULL),
(124, 26, 1, 'email_viewed', 'Kanti Bullet', 'Kanti Bullet', '2024-01-12 13:19:30', 'GMT', '127.0.0.1', 'Email Viewed by Kanti Bullet', NULL),
(125, 26, 1, 'document_esigned', '', '', '2024-01-12 13:20:03', 'GMT', '127.0.0.1', 'Document Esigned ', NULL),
(126, 26, 1, 'completed', '', '', '2024-01-12 13:20:03', 'GMT', '127.0.0.1', 'Agreement Completed.', NULL),
(127, 27, 1, 'document_create', 'Eyehub', 'eyehub@gmail.com', '2024-01-12 14:30:08', 'GMT', '127.0.0.1', 'Document created by Eyehub(eyehub@gmail.com)', 'cvQBHtwYi77pVA7E3wfIq2eXR'),
(128, 27, 1, 'document_emailed', 'Pritesh', 'Pritesh', '2024-01-12 14:30:08', 'GMT', '127.0.0.1', 'Document emailed to Pritesh for signature', NULL),
(129, 27, 1, 'email_viewed', 'Pritesh', 'Pritesh', '2024-01-12 14:30:08', 'GMT', '127.0.0.1', 'Email Viewed by Pritesh', NULL),
(130, 27, 1, 'document_esigned', '', '', '2024-01-12 14:31:06', 'GMT', '127.0.0.1', 'Document Esigned ', NULL),
(131, 27, 1, 'completed', '', '', '2024-01-12 14:31:06', 'GMT', '127.0.0.1', 'Agreement Completed.', NULL),
(132, 28, 1, 'document_create', 'Eyehub', 'eyehub@gmail.com', '2024-01-12 14:50:29', 'GMT', '127.0.0.1', 'Document created by Eyehub(eyehub@gmail.com)', 'Lz1y5SqcGZdKjSWShwsa9F7cn'),
(133, 28, 1, 'document_emailed', 'Hardik Patel', 'Hardik Patel', '2024-01-12 14:50:29', 'GMT', '127.0.0.1', 'Document emailed to Hardik Patel for signature', NULL),
(134, 28, 1, 'email_viewed', 'Hardik Patel', 'Hardik Patel', '2024-01-12 14:50:29', 'GMT', '127.0.0.1', 'Email Viewed by Hardik Patel', NULL),
(135, 28, 1, 'document_esigned', '', '', '2024-01-12 14:50:57', 'GMT', '127.0.0.1', 'Document Esigned ', NULL),
(136, 28, 1, 'completed', '', '', '2024-01-12 14:50:57', 'GMT', '127.0.0.1', 'Agreement Completed.', NULL),
(137, 29, 3, 'document_create', 'Eyehub', 'eyehub@gmail.com', '2024-01-12 15:05:05', 'GMT', '127.0.0.1', 'Document created by Eyehub(eyehub@gmail.com)', '2aLoJwmjMvZSsQ5ExnEYU5of6'),
(138, 29, 3, 'document_emailed', 'Purav Topiwala', 'Purav Topiwala', '2024-01-12 15:05:05', 'GMT', '127.0.0.1', 'Document emailed to Purav Topiwala for signature', NULL),
(139, 29, 3, 'email_viewed', 'Purav Topiwala', 'Purav Topiwala', '2024-01-12 15:05:06', 'GMT', '127.0.0.1', 'Email Viewed by Purav Topiwala', NULL),
(140, 29, 3, 'document_esigned', '', '', '2024-01-12 15:06:38', 'GMT', '127.0.0.1', 'Document Esigned ', NULL),
(141, 29, 3, 'completed', '', '', '2024-01-12 15:06:38', 'GMT', '127.0.0.1', 'Agreement Completed.', NULL),
(142, 30, 3, 'document_create', 'Eyehub', 'eyehub@gmail.com', '2024-01-12 15:14:10', 'GMT', '127.0.0.1', 'Document created by Eyehub(eyehub@gmail.com)', 'lAk6iYZmQRCvjiQTgZMIcDHJy'),
(143, 30, 3, 'document_emailed', 'Priyansh', 'Priyansh', '2024-01-12 15:14:10', 'GMT', '127.0.0.1', 'Document emailed to Priyansh for signature', NULL),
(144, 30, 3, 'email_viewed', 'Priyansh', 'Priyansh', '2024-01-12 15:14:10', 'GMT', '127.0.0.1', 'Email Viewed by Priyansh', NULL),
(145, 31, 3, 'document_create', 'Eyehub', 'eyehub@gmail.com', '2024-01-12 15:16:14', 'GMT', '127.0.0.1', 'Document created by Eyehub(eyehub@gmail.com)', 'XP8g1iR2aqLb0j7quSbUmo2OQ'),
(146, 31, 3, 'document_emailed', 'Priyanshi', 'Priyanshi', '2024-01-12 15:16:14', 'GMT', '127.0.0.1', 'Document emailed to Priyanshi for signature', NULL),
(147, 31, 3, 'email_viewed', 'Priyanshi', 'Priyanshi', '2024-01-12 15:16:14', 'GMT', '127.0.0.1', 'Email Viewed by Priyanshi', NULL),
(148, 31, 3, 'document_esigned', '', '', '2024-01-12 15:16:49', 'GMT', '127.0.0.1', 'Document Esigned ', NULL),
(149, 31, 3, 'completed', '', '', '2024-01-12 15:16:49', 'GMT', '127.0.0.1', 'Agreement Completed.', NULL),
(150, 32, 3, 'document_create', 'Eyehub', 'eyehub@gmail.com', '2024-01-12 16:43:53', 'GMT', '127.0.0.1', 'Document created by Eyehub(eyehub@gmail.com)', 'PlhSBK3UEYRNVUz16JyXgqFXK'),
(151, 32, 3, 'document_emailed', 'Pritam Patel', 'Pritam Patel', '2024-01-12 16:43:53', 'GMT', '127.0.0.1', 'Document emailed to Pritam Patel for signature', NULL),
(152, 32, 3, 'email_viewed', 'Pritam Patel', 'Pritam Patel', '2024-01-12 16:43:53', 'GMT', '127.0.0.1', 'Email Viewed by Pritam Patel', NULL),
(153, 32, 3, 'document_esigned', '', '', '2024-01-12 16:51:23', 'GMT', '127.0.0.1', 'Document Esigned ', NULL),
(154, 32, 3, 'completed', '', '', '2024-01-12 16:51:23', 'GMT', '127.0.0.1', 'Agreement Completed.', NULL),
(155, 33, 3, 'document_create', 'Eyehub', 'eyehub@gmail.com', '2024-01-12 17:00:10', 'GMT', '127.0.0.1', 'Document created by Eyehub(eyehub@gmail.com)', 'OFerbe3ipTqDEESOomI9Yw5Fz'),
(156, 33, 3, 'document_emailed', 'Hitesh', 'Hitesh', '2024-01-12 17:00:10', 'GMT', '127.0.0.1', 'Document emailed to Hitesh for signature', NULL),
(157, 33, 3, 'email_viewed', 'Hitesh', 'Hitesh', '2024-01-12 17:00:10', 'GMT', '127.0.0.1', 'Email Viewed by Hitesh', NULL),
(158, 33, 3, 'document_esigned', '', '', '2024-01-12 17:01:35', 'GMT', '127.0.0.1', 'Document Esigned ', NULL),
(159, 33, 3, 'completed', '', '', '2024-01-12 17:01:35', 'GMT', '127.0.0.1', 'Agreement Completed.', NULL),
(160, 34, 3, 'document_create', 'Eyehub', 'eyehub@gmail.com', '2024-01-12 17:05:59', 'GMT', '127.0.0.1', 'Document created by Eyehub(eyehub@gmail.com)', 'gDQdfAiNkj3DyDJivD4RjbYjy'),
(161, 34, 3, 'document_emailed', 'sandipshirawala@gmail.com', 'sandipshirawala@gmail.com', '2024-01-12 17:05:59', 'GMT', '127.0.0.1', 'Document emailed to sandipshirawala@gmail.com for signature', NULL),
(162, 34, 3, 'email_viewed', 'sandipshirawala@gmail.com', 'sandipshirawala@gmail.com', '2024-01-12 17:06:22', 'GMT', '127.0.0.1', 'Email Viewed by sandipshirawala@gmail.com', NULL),
(163, 34, 3, 'document_esigned', '', '', '2024-01-12 17:08:38', 'GMT', '127.0.0.1', 'Document Esigned ', NULL),
(164, 34, 3, 'completed', '', '', '2024-01-12 17:08:38', 'GMT', '127.0.0.1', 'Agreement Completed.', NULL),
(165, 35, 3, 'document_create', 'Eyehub', 'eyehub@gmail.com', '2024-01-12 17:40:49', 'GMT', '127.0.0.1', 'Document created by Eyehub(eyehub@gmail.com)', 'gObY5ZBGap3AN9uS5A8URQkRg'),
(166, 35, 3, 'document_emailed', 'Hiren Kansara', 'Hiren Kansara', '2024-01-12 17:40:49', 'GMT', '127.0.0.1', 'Document emailed to Hiren Kansara for signature', NULL),
(167, 35, 3, 'email_viewed', 'Hiren Kansara', 'Hiren Kansara', '2024-01-12 17:40:49', 'GMT', '127.0.0.1', 'Email Viewed by Hiren Kansara', NULL),
(168, 35, 3, 'document_esigned', '', '', '2024-01-12 17:42:42', 'GMT', '127.0.0.1', 'Document Esigned ', NULL),
(169, 35, 3, 'completed', '', '', '2024-01-12 17:42:42', 'GMT', '127.0.0.1', 'Agreement Completed.', NULL),
(170, 36, 3, 'document_create', 'Eyehub', 'eyehub@gmail.com', '2024-01-12 17:48:34', 'GMT', '127.0.0.1', 'Document created by Eyehub(eyehub@gmail.com)', '5KJauMpOVq9UD8DkWlo0kZnhf'),
(171, 36, 3, 'document_emailed', 'sandipshirawala@gmail.com', 'sandipshirawala@gmail.com', '2024-01-12 17:48:34', 'GMT', '127.0.0.1', 'Document emailed to sandipshirawala@gmail.com for signature', NULL),
(172, 37, 3, 'document_create', 'Eyehub', 'eyehub@gmail.com', '2024-01-12 18:42:55', 'GMT', '122.170.174.21', 'Document created by Eyehub(eyehub@gmail.com)', '9qUFvM77PdlhTrzsRpnJaYxW7'),
(173, 37, 3, 'document_emailed', 'purav.topi@gmail.com', 'purav.topi@gmail.com', '2024-01-12 18:42:55', 'GMT', '122.170.174.21', 'Document emailed to purav.topi@gmail.com for signature', NULL),
(174, 38, 3, 'document_create', 'Eyehub', 'eyehub@gmail.com', '2024-01-12 18:43:46', 'GMT', '122.170.174.21', 'Document created by Eyehub(eyehub@gmail.com)', 'mfu5bKQLeQfQG8R6xu7MJSlZc'),
(175, 38, 3, 'document_emailed', 'sandipshirawala@gmail.com', 'sandipshirawala@gmail.com', '2024-01-12 18:43:46', 'GMT', '122.170.174.21', 'Document emailed to sandipshirawala@gmail.com for signature', NULL),
(176, 38, 3, 'email_viewed', 'sandipshirawala@gmail.com', 'sandipshirawala@gmail.com', '2024-01-12 18:44:15', 'GMT', '122.170.174.21', 'Email Viewed by sandipshirawala@gmail.com', NULL),
(177, 38, 3, 'document_esigned', '', '', '2024-01-12 18:45:21', 'GMT', '122.170.174.21', 'Document Esigned ', NULL),
(178, 38, 3, 'completed', '', '', '2024-01-12 18:45:21', 'GMT', '122.170.174.21', 'Agreement Completed.', NULL),
(179, 39, 3, 'document_create', 'Eyehub', 'eyehub@gmail.com', '2024-01-12 18:48:46', 'GMT', '122.170.174.21', 'Document created by Eyehub(eyehub@gmail.com)', 'Jglf1uYzOnq04P9ceqjNeV3aC'),
(180, 39, 3, 'document_emailed', 'Nitya Prabhu', 'Nitya Prabhu', '2024-01-12 18:48:46', 'GMT', '122.170.174.21', 'Document emailed to Nitya Prabhu for signature', NULL),
(181, 39, 3, 'email_viewed', 'Nitya Prabhu', 'Nitya Prabhu', '2024-01-12 18:48:46', 'GMT', '122.170.174.21', 'Email Viewed by Nitya Prabhu', NULL),
(182, 39, 3, 'document_esigned', '', '', '2024-01-12 18:50:03', 'GMT', '122.170.174.21', 'Document Esigned ', NULL),
(183, 39, 3, 'completed', '', '', '2024-01-12 18:50:03', 'GMT', '122.170.174.21', 'Agreement Completed.', NULL),
(184, 40, 4, 'document_create', 'Eyehub', 'eyehub@gmail.com', '2024-01-12 22:46:46', 'GMT', '123.201.0.199', 'Document created by Eyehub(eyehub@gmail.com)', 'NOgrBEW9ArYJQFWQ2dpgRzYFB'),
(185, 40, 4, 'document_emailed', 'Kamala', 'Kamala', '2024-01-12 22:46:46', 'GMT', '123.201.0.199', 'Document emailed to Kamala for signature', NULL),
(186, 40, 4, 'email_viewed', 'Kamala', 'Kamala', '2024-01-12 22:46:46', 'GMT', '123.201.0.199', 'Email Viewed by Kamala', NULL),
(187, 41, 5, 'document_create', 'Eyehub', 'eyehub@gmail.com', '2024-01-13 09:11:04', 'GMT', '123.201.0.240', 'Document created by Eyehub(eyehub@gmail.com)', '23e9YizAciURXHhIPm33MBDD5'),
(188, 41, 5, 'document_emailed', 'sandip', 'sandip', '2024-01-13 09:11:04', 'GMT', '123.201.0.240', 'Document emailed to sandip for signature', NULL),
(189, 41, 5, 'email_viewed', 'sandip', 'sandip', '2024-01-13 09:11:04', 'GMT', '123.201.0.240', 'Email Viewed by sandip', NULL),
(190, 41, 5, 'document_esigned', '', '', '2024-01-13 09:11:32', 'GMT', '123.201.0.240', 'Document Esigned ', NULL),
(191, 41, 5, 'completed', '', '', '2024-01-13 09:11:32', 'GMT', '123.201.0.240', 'Agreement Completed.', NULL),
(192, 42, 5, 'document_create', 'Eyehub', 'eyehub@gmail.com', '2024-01-13 10:49:18', 'GMT', '106.201.201.202', 'Document created by Eyehub(eyehub@gmail.com)', '9dZJ0kdo8Ceu5ICOlfeygj7RE'),
(193, 42, 5, 'document_emailed', 'Mahendra Shirawala', 'Mahendra Shirawala', '2024-01-13 10:49:18', 'GMT', '106.201.201.202', 'Document emailed to Mahendra Shirawala for signature', NULL),
(194, 42, 5, 'email_viewed', 'Mahendra Shirawala', 'Mahendra Shirawala', '2024-01-13 10:49:18', 'GMT', '106.201.201.202', 'Email Viewed by Mahendra Shirawala', NULL),
(195, 42, 5, 'document_esigned', '', '', '2024-01-13 10:50:35', 'GMT', '106.201.201.202', 'Document Esigned ', NULL),
(196, 42, 5, 'completed', '', '', '2024-01-13 10:50:35', 'GMT', '106.201.201.202', 'Agreement Completed.', NULL),
(197, 43, 5, 'document_create', 'Eyehub', 'eyehub@gmail.com', '2024-01-13 10:51:15', 'GMT', '106.201.201.202', 'Document created by Eyehub(eyehub@gmail.com)', 'PTP5gwyjwXXjDCr5K0ejaIoMz'),
(198, 43, 5, 'document_emailed', 'Niranjan Patel', 'Niranjan Patel', '2024-01-13 10:51:15', 'GMT', '106.201.201.202', 'Document emailed to Niranjan Patel for signature', NULL),
(199, 43, 5, 'email_viewed', 'Niranjan Patel', 'Niranjan Patel', '2024-01-13 10:51:15', 'GMT', '106.201.201.202', 'Email Viewed by Niranjan Patel', NULL),
(200, 43, 5, 'document_esigned', '', '', '2024-01-13 10:51:33', 'GMT', '106.201.201.202', 'Document Esigned ', NULL),
(201, 43, 5, 'completed', '', '', '2024-01-13 10:51:33', 'GMT', '106.201.201.202', 'Agreement Completed.', NULL),
(202, 44, 3, 'document_create', 'Eyehub', 'eyehub@gmail.com', '2024-01-13 10:52:09', 'GMT', '106.201.201.202', 'Document created by Eyehub(eyehub@gmail.com)', 'nXIVdwdwIcFtQf4MMhzIxeuxO'),
(203, 44, 3, 'document_emailed', 'Niranjan Patel', 'Niranjan Patel', '2024-01-13 10:52:09', 'GMT', '106.201.201.202', 'Document emailed to Niranjan Patel for signature', NULL),
(204, 44, 3, 'email_viewed', 'Niranjan Patel', 'Niranjan Patel', '2024-01-13 10:52:09', 'GMT', '106.201.201.202', 'Email Viewed by Niranjan Patel', NULL),
(205, 44, 3, 'document_esigned', '', '', '2024-01-13 10:52:59', 'GMT', '106.201.201.202', 'Document Esigned ', NULL),
(206, 44, 3, 'completed', '', '', '2024-01-13 10:52:59', 'GMT', '106.201.201.202', 'Agreement Completed.', NULL),
(207, 45, 3, 'document_create', 'Eyehub', 'eyehub@gmail.com', '2024-01-13 11:00:00', 'GMT', '106.201.201.202', 'Document created by Eyehub(eyehub@gmail.com)', 'RCg4WsInlNV3O19UAO7tnHgzd'),
(208, 45, 3, 'document_emailed', 'sandip', 'sandip', '2024-01-13 11:00:00', 'GMT', '106.201.201.202', 'Document emailed to sandip for signature', NULL),
(209, 45, 3, 'email_viewed', 'sandip', 'sandip', '2024-01-13 11:00:00', 'GMT', '106.201.201.202', 'Email Viewed by sandip', NULL),
(210, 46, 5, 'document_create', 'Eyehub', 'eyehub@gmail.com', '2024-01-13 11:00:21', 'GMT', '106.201.201.202', 'Document created by Eyehub(eyehub@gmail.com)', 'q05TW5aqtgBukJHR0ZQJk7oOp'),
(211, 46, 5, 'document_emailed', 'sandip', 'sandip', '2024-01-13 11:00:21', 'GMT', '106.201.201.202', 'Document emailed to sandip for signature', NULL),
(212, 46, 5, 'email_viewed', 'sandip', 'sandip', '2024-01-13 11:00:21', 'GMT', '106.201.201.202', 'Email Viewed by sandip', NULL),
(213, 46, 5, 'document_esigned', '', '', '2024-01-13 11:01:36', 'GMT', '106.201.201.202', 'Document Esigned ', NULL),
(214, 46, 5, 'completed', '', '', '2024-01-13 11:01:36', 'GMT', '106.201.201.202', 'Agreement Completed.', NULL),
(215, 45, 3, 'document_esigned', '', '', '2024-01-13 11:02:29', 'GMT', '106.201.201.202', 'Document Esigned ', NULL),
(216, 45, 3, 'completed', '', '', '2024-01-13 11:02:29', 'GMT', '106.201.201.202', 'Agreement Completed.', NULL),
(217, 47, 3, 'document_create', 'Eyehub', 'eyehub@gmail.com', '2024-01-13 11:02:57', 'GMT', '106.201.201.202', 'Document created by Eyehub(eyehub@gmail.com)', 'EjvVk9oejVI01fvejb866FEb9'),
(218, 47, 3, 'document_emailed', 'sandip', 'sandip', '2024-01-13 11:02:57', 'GMT', '106.201.201.202', 'Document emailed to sandip for signature', NULL),
(219, 47, 3, 'email_viewed', 'sandip', 'sandip', '2024-01-13 11:02:57', 'GMT', '106.201.201.202', 'Email Viewed by sandip', NULL),
(220, 47, 3, 'document_esigned', '', '', '2024-01-13 11:03:58', 'GMT', '106.201.201.202', 'Document Esigned ', NULL),
(221, 47, 3, 'completed', '', '', '2024-01-13 11:03:58', 'GMT', '106.201.201.202', 'Agreement Completed.', NULL),
(222, 48, 3, 'document_create', 'Eyehub', 'eyehub@gmail.com', '2024-01-13 11:05:12', 'GMT', '106.201.201.202', 'Document created by Eyehub(eyehub@gmail.com)', '2fK68qExkAhd8Y6EJ3Ik3MhK9'),
(223, 48, 3, 'document_emailed', 'PTN', 'PTN', '2024-01-13 11:05:12', 'GMT', '106.201.201.202', 'Document emailed to PTN for signature', NULL),
(224, 48, 3, 'email_viewed', 'PTN', 'PTN', '2024-01-13 11:05:12', 'GMT', '106.201.201.202', 'Email Viewed by PTN', NULL),
(225, 48, 3, 'document_esigned', '', '', '2024-01-13 11:06:20', 'GMT', '106.201.201.202', 'Document Esigned ', NULL),
(226, 48, 3, 'completed', '', '', '2024-01-13 11:06:20', 'GMT', '106.201.201.202', 'Agreement Completed.', NULL),
(227, 49, 3, 'document_create', 'Eyehub', 'eyehub@gmail.com', '2024-01-13 11:27:49', 'GMT', '106.201.201.202', 'Document created by Eyehub(eyehub@gmail.com)', 'INXDqVgnaYyOvyRcpbnPTPs62'),
(228, 49, 3, 'document_emailed', 'Priyansh', 'Priyansh', '2024-01-13 11:27:49', 'GMT', '106.201.201.202', 'Document emailed to Priyansh for signature', NULL),
(229, 49, 3, 'email_viewed', 'Priyansh', 'Priyansh', '2024-01-13 11:27:49', 'GMT', '106.201.201.202', 'Email Viewed by Priyansh', NULL),
(230, 49, 3, 'document_esigned', '', '', '2024-01-13 11:28:22', 'GMT', '106.201.201.202', 'Document Esigned ', NULL),
(231, 49, 3, 'completed', '', '', '2024-01-13 11:28:22', 'GMT', '106.201.201.202', 'Agreement Completed.', NULL),
(232, 50, 5, 'document_create', 'Eyehub', 'eyehub@gmail.com', '2024-01-13 11:29:04', 'GMT', '106.201.201.202', 'Document created by Eyehub(eyehub@gmail.com)', 'xgybKG3MuB3KN3MlDo6AO24B8'),
(233, 50, 5, 'document_emailed', 'Dabori', 'Dabori', '2024-01-13 11:29:04', 'GMT', '106.201.201.202', 'Document emailed to Dabori for signature', NULL),
(234, 50, 5, 'email_viewed', 'Dabori', 'Dabori', '2024-01-13 11:29:04', 'GMT', '106.201.201.202', 'Email Viewed by Dabori', NULL),
(235, 50, 5, 'document_esigned', '', '', '2024-01-13 11:29:25', 'GMT', '106.201.201.202', 'Document Esigned ', NULL),
(236, 50, 5, 'completed', '', '', '2024-01-13 11:29:25', 'GMT', '106.201.201.202', 'Agreement Completed.', NULL),
(237, 51, 5, 'document_create', 'Eyehub', 'eyehub@gmail.com', '2024-01-13 12:05:05', 'GMT', '106.201.201.202', 'Document created by Eyehub(eyehub@gmail.com)', 'NqoXtWycp2FEmR1sE469zoXhS'),
(238, 51, 5, 'document_emailed', 'Ketan', 'Ketan', '2024-01-13 12:05:05', 'GMT', '106.201.201.202', 'Document emailed to Ketan for signature', NULL),
(239, 51, 5, 'email_viewed', 'Ketan', 'Ketan', '2024-01-13 12:05:05', 'GMT', '106.201.201.202', 'Email Viewed by Ketan', NULL),
(240, 51, 5, 'document_esigned', '', '', '2024-01-13 12:05:45', 'GMT', '106.201.201.202', 'Document Esigned ', NULL),
(241, 51, 5, 'completed', '', '', '2024-01-13 12:05:45', 'GMT', '106.201.201.202', 'Agreement Completed.', NULL),
(242, 52, 3, 'document_create', 'Eyehub', 'eyehub@gmail.com', '2024-01-13 12:29:28', 'GMT', '106.201.201.202', 'Document created by Eyehub(eyehub@gmail.com)', 'TbKVQ3XL1i9T3Ru5BfaRF6xp5'),
(243, 52, 3, 'document_emailed', 'Rajesh', 'Rajesh', '2024-01-13 12:29:28', 'GMT', '106.201.201.202', 'Document emailed to Rajesh for signature', NULL),
(244, 52, 3, 'email_viewed', 'Rajesh', 'Rajesh', '2024-01-13 12:29:28', 'GMT', '106.201.201.202', 'Email Viewed by Rajesh', NULL),
(245, 53, 6, 'document_create', 'Eyehub', 'eyehub@gmail.com', '2024-01-15 09:54:25', 'GMT', '219.91.181.176', 'Document created by Eyehub(eyehub@gmail.com)', 'i3WOsR9YtbD2wHmx7P5gjOqru'),
(246, 53, 6, 'document_emailed', 'Miami New', 'Miami New', '2024-01-15 09:54:25', 'GMT', '219.91.181.176', 'Document emailed to Miami New for signature', NULL),
(247, 53, 6, 'email_viewed', 'Miami New', 'Miami New', '2024-01-15 09:54:25', 'GMT', '219.91.181.176', 'Email Viewed by Miami New', NULL),
(248, 53, 6, 'document_esigned', '', '', '2024-01-15 09:55:15', 'GMT', '219.91.181.176', 'Document Esigned ', NULL),
(249, 53, 6, 'completed', '', '', '2024-01-15 09:55:15', 'GMT', '219.91.181.176', 'Agreement Completed.', NULL),
(250, 54, 7, 'document_create', 'Eyehub', 'eyehub@gmail.com', '2024-01-15 10:17:45', 'GMT', '219.91.181.176', 'Document created by Eyehub(eyehub@gmail.com)', 'RYb152889RranOcOcPf9A1vjp'),
(251, 54, 7, 'document_emailed', 'Kiran', 'Kiran', '2024-01-15 10:17:45', 'GMT', '219.91.181.176', 'Document emailed to Kiran for signature', NULL),
(252, 54, 7, 'email_viewed', 'Kiran', 'Kiran', '2024-01-15 10:17:45', 'GMT', '219.91.181.176', 'Email Viewed by Kiran', NULL),
(253, 55, 8, 'document_create', 'Eyehub', 'eyehub@gmail.com', '2024-01-15 11:18:21', 'GMT', '123.201.2.234', 'Document created by Eyehub(eyehub@gmail.com)', '19tmcZKM3pKoRzYnu4rvOV9E4'),
(254, 55, 8, 'document_emailed', 'sandip', 'sandip', '2024-01-15 11:18:21', 'GMT', '123.201.2.234', 'Document emailed to sandip for signature', NULL),
(255, 55, 8, 'email_viewed', 'sandip', 'sandip', '2024-01-15 11:18:21', 'GMT', '123.201.2.234', 'Email Viewed by sandip', NULL),
(256, 56, 3, 'document_create', 'Eyehub', 'eyehub@gmail.com', '2024-01-15 11:20:07', 'GMT', '123.201.2.234', 'Document created by Eyehub(eyehub@gmail.com)', 'P8aoREvpzjJVAoIrlarqTnuD5'),
(257, 56, 3, 'document_emailed', 'Mahendra Shirawala', 'Mahendra Shirawala', '2024-01-15 11:20:07', 'GMT', '123.201.2.234', 'Document emailed to Mahendra Shirawala for signature', NULL),
(258, 56, 3, 'email_viewed', 'Mahendra Shirawala', 'Mahendra Shirawala', '2024-01-15 11:20:07', 'GMT', '123.201.2.234', 'Email Viewed by Mahendra Shirawala', NULL),
(259, 57, 9, 'document_create', 'Eyehub', 'eyehub@gmail.com', '2024-01-15 12:52:16', 'GMT', '123.201.2.234', 'Document created by Eyehub(eyehub@gmail.com)', 'duASrtRqtIGsW78sVnGc3p3Ki'),
(260, 57, 9, 'document_emailed', 'sample', 'sample', '2024-01-15 12:52:16', 'GMT', '123.201.2.234', 'Document emailed to sample for signature', NULL),
(261, 57, 9, 'email_viewed', 'sample', 'sample', '2024-01-15 12:52:16', 'GMT', '123.201.2.234', 'Email Viewed by sample', NULL),
(262, 57, 9, 'document_esigned', '', '', '2024-01-15 12:52:32', 'GMT', '123.201.2.234', 'Document Esigned ', NULL),
(263, 57, 9, 'completed', '', '', '2024-01-15 12:52:32', 'GMT', '123.201.2.234', 'Agreement Completed.', NULL),
(264, 58, 3, 'document_create', 'Eyehub', 'eyehub@gmail.com', '2024-01-15 12:53:05', 'GMT', '123.201.2.234', 'Document created by Eyehub(eyehub@gmail.com)', 'DfRq8vOY2zAGis1DZUd6Le8oM'),
(265, 58, 3, 'document_emailed', 'kiran', 'kiran', '2024-01-15 12:53:05', 'GMT', '123.201.2.234', 'Document emailed to kiran for signature', NULL),
(266, 58, 3, 'email_viewed', 'kiran', 'kiran', '2024-01-15 12:53:05', 'GMT', '123.201.2.234', 'Email Viewed by kiran', NULL),
(267, 58, 3, 'document_esigned', '', '', '2024-01-15 12:53:27', 'GMT', '123.201.2.234', 'Document Esigned ', NULL),
(268, 58, 3, 'completed', '', '', '2024-01-15 12:53:27', 'GMT', '123.201.2.234', 'Agreement Completed.', NULL),
(269, 59, 3, 'document_create', 'Eyehub', 'eyehub@gmail.com', '2024-01-15 19:41:39', 'GMT', '2405:201:4018:31ee:170:87a9:78d1:86a7', 'Document created by Eyehub(eyehub@gmail.com)', 'pafzXp34OiQzA9Wsc1emab0WQ'),
(270, 59, 3, 'document_emailed', 'Jack D', 'Jack D', '2024-01-15 19:41:39', 'GMT', '2405:201:4018:31ee:170:87a9:78d1:86a7', 'Document emailed to Jack D for signature', NULL),
(271, 59, 3, 'email_viewed', 'Jack D', 'Jack D', '2024-01-15 19:41:39', 'GMT', '2405:201:4018:31ee:170:87a9:78d1:86a7', 'Email Viewed by Jack D', NULL),
(272, 60, 3, 'document_create', 'Eyehub', 'eyehub@gmail.com', '2024-01-16 12:22:18', 'GMT', '2405:201:4018:31ee:e0cf:e29c:cb37:f519', 'Document created by Eyehub(eyehub@gmail.com)', 'LOQbtAb0IDyTq0OGHBXQlae6u'),
(273, 60, 3, 'document_emailed', 'Jack', 'Jack', '2024-01-16 12:22:18', 'GMT', '2405:201:4018:31ee:e0cf:e29c:cb37:f519', 'Document emailed to Jack for signature', NULL),
(274, 60, 3, 'email_viewed', 'Jack', 'Jack', '2024-01-16 12:22:18', 'GMT', '2405:201:4018:31ee:e0cf:e29c:cb37:f519', 'Email Viewed by Jack', NULL),
(275, 61, 3, 'document_create', 'Eyehub', 'eyehub@gmail.com', '2024-01-16 12:27:14', 'GMT', '2405:201:4018:31ee:e0cf:e29c:cb37:f519', 'Document created by Eyehub(eyehub@gmail.com)', 'NlrX3yg2trkkyVDfFk98n2Ewk'),
(276, 61, 3, 'document_emailed', 'test', 'test', '2024-01-16 12:27:14', 'GMT', '2405:201:4018:31ee:e0cf:e29c:cb37:f519', 'Document emailed to test for signature', NULL),
(277, 61, 3, 'email_viewed', 'test', 'test', '2024-01-16 12:27:14', 'GMT', '2405:201:4018:31ee:e0cf:e29c:cb37:f519', 'Email Viewed by test', NULL),
(278, 61, 3, 'document_esigned', '', '', '2024-01-16 12:31:27', 'GMT', '2405:201:4018:31ee:e0cf:e29c:cb37:f519', 'Document Esigned ', NULL),
(279, 61, 3, 'completed', '', '', '2024-01-16 12:31:27', 'GMT', '2405:201:4018:31ee:e0cf:e29c:cb37:f519', 'Agreement Completed.', NULL),
(280, 62, 3, 'document_create', 'Eyehub', 'eyehub@gmail.com', '2024-01-16 15:05:58', 'GMT', '122.162.221.254', 'Document created by Eyehub(eyehub@gmail.com)', 'kyv2eIlhzy0LzpqwteYR4zdBa'),
(281, 62, 3, 'document_emailed', 'Kamal', 'Kamal', '2024-01-16 15:05:58', 'GMT', '122.162.221.254', 'Document emailed to Kamal for signature', NULL),
(282, 62, 3, 'email_viewed', 'Kamal', 'Kamal', '2024-01-16 15:05:58', 'GMT', '122.162.221.254', 'Email Viewed by Kamal', NULL),
(283, 62, 3, 'document_esigned', '', '', '2024-01-16 15:06:49', 'GMT', '122.162.221.254', 'Document Esigned ', NULL),
(284, 62, 3, 'completed', '', '', '2024-01-16 15:06:49', 'GMT', '122.162.221.254', 'Agreement Completed.', NULL),
(285, 63, 3, 'document_create', 'Eyehub', 'eyehub@gmail.com', '2024-01-16 15:19:37', 'GMT', '2405:201:4018:31ee:e0cf:e29c:cb37:f519', 'Document created by Eyehub(eyehub@gmail.com)', 'qUieqf5C2Fn3LCdn6xjsWY5GO'),
(286, 63, 3, 'document_emailed', 'Sonia', 'Sonia', '2024-01-16 15:19:37', 'GMT', '2405:201:4018:31ee:e0cf:e29c:cb37:f519', 'Document emailed to Sonia for signature', NULL),
(287, 63, 3, 'email_viewed', 'Sonia', 'Sonia', '2024-01-16 15:19:37', 'GMT', '2405:201:4018:31ee:e0cf:e29c:cb37:f519', 'Email Viewed by Sonia', NULL),
(288, 64, 9, 'document_create', 'Eyehub', 'eyehub@gmail.com', '2024-01-16 15:20:35', 'GMT', '122.162.221.254', 'Document created by Eyehub(eyehub@gmail.com)', 'KPVsYdumIDFQkQO37s97wcyMW'),
(289, 64, 9, 'document_emailed', 'Nice work', 'Nice work', '2024-01-16 15:20:35', 'GMT', '122.162.221.254', 'Document emailed to Nice work for signature', NULL),
(290, 64, 9, 'email_viewed', 'Nice work', 'Nice work', '2024-01-16 15:20:35', 'GMT', '122.162.221.254', 'Email Viewed by Nice work', NULL),
(291, 64, 9, 'document_esigned', '', '', '2024-01-16 15:20:58', 'GMT', '122.162.221.254', 'Document Esigned ', NULL),
(292, 64, 9, 'completed', '', '', '2024-01-16 15:20:58', 'GMT', '122.162.221.254', 'Agreement Completed.', NULL),
(293, 65, 3, 'document_create', 'Eyehub', 'eyehub@gmail.com', '2024-01-16 15:23:00', 'GMT', '2405:201:4018:31ee:e0cf:e29c:cb37:f519', 'Document created by Eyehub(eyehub@gmail.com)', 'kZklXDXu2hs6YLWQgyskwOkVp'),
(294, 65, 3, 'document_emailed', 'Sonia', 'Sonia', '2024-01-16 15:23:00', 'GMT', '2405:201:4018:31ee:e0cf:e29c:cb37:f519', 'Document emailed to Sonia for signature', NULL),
(295, 65, 3, 'email_viewed', 'Sonia', 'Sonia', '2024-01-16 15:23:00', 'GMT', '2405:201:4018:31ee:e0cf:e29c:cb37:f519', 'Email Viewed by Sonia', NULL),
(296, 66, 4, 'document_create', 'Eyehub', 'eyehub@gmail.com', '2024-01-16 15:38:50', 'GMT', '122.162.221.254', 'Document created by Eyehub(eyehub@gmail.com)', 'lkSblkcKnQP5mF80ro06dBKzC'),
(297, 66, 4, 'document_emailed', 'Uday', 'Uday', '2024-01-16 15:38:50', 'GMT', '122.162.221.254', 'Document emailed to Uday for signature', NULL),
(298, 66, 4, 'email_viewed', 'Uday', 'Uday', '2024-01-16 15:38:50', 'GMT', '122.162.221.254', 'Email Viewed by Uday', NULL),
(299, 67, 3, 'document_create', 'Eyehub', 'eyehub@gmail.com', '2024-01-16 15:39:06', 'GMT', '122.162.221.254', 'Document created by Eyehub(eyehub@gmail.com)', 'fT5lwtIc0NliWYCnRNDJgh57n'),
(300, 67, 3, 'document_emailed', 'Uday', 'Uday', '2024-01-16 15:39:06', 'GMT', '122.162.221.254', 'Document emailed to Uday for signature', NULL),
(301, 67, 3, 'email_viewed', 'Uday', 'Uday', '2024-01-16 15:39:06', 'GMT', '122.162.221.254', 'Email Viewed by Uday', NULL),
(302, 67, 3, 'document_esigned', '', '', '2024-01-16 15:40:03', 'GMT', '122.162.221.254', 'Document Esigned ', NULL),
(303, 67, 3, 'completed', '', '', '2024-01-16 15:40:03', 'GMT', '122.162.221.254', 'Agreement Completed.', NULL),
(304, 68, 4, 'document_create', 'Eyehub', 'eyehub@gmail.com', '2024-01-16 16:08:01', 'GMT', '122.162.221.254', 'Document created by Eyehub(eyehub@gmail.com)', 'bn0DnT2oCLJ386YUZIZ7PWmOA'),
(305, 68, 4, 'document_emailed', 'Nice work', 'Nice work', '2024-01-16 16:08:01', 'GMT', '122.162.221.254', 'Document emailed to Nice work for signature', NULL),
(306, 68, 4, 'email_viewed', 'Nice work', 'Nice work', '2024-01-16 16:08:01', 'GMT', '122.162.221.254', 'Email Viewed by Nice work', NULL),
(307, 69, 3, 'document_create', 'Eyehub', 'eyehub@gmail.com', '2024-01-16 16:08:15', 'GMT', '122.162.221.254', 'Document created by Eyehub(eyehub@gmail.com)', 'IXZlIKGdtcvK2VD8iJDBS1EMg'),
(308, 69, 3, 'document_emailed', 'Nice work', 'Nice work', '2024-01-16 16:08:15', 'GMT', '122.162.221.254', 'Document emailed to Nice work for signature', NULL),
(309, 69, 3, 'email_viewed', 'Nice work', 'Nice work', '2024-01-16 16:08:15', 'GMT', '122.162.221.254', 'Email Viewed by Nice work', NULL),
(310, 69, 3, 'document_esigned', '', '', '2024-01-16 16:09:13', 'GMT', '122.162.221.254', 'Document Esigned ', NULL),
(311, 69, 3, 'completed', '', '', '2024-01-16 16:09:13', 'GMT', '122.162.221.254', 'Agreement Completed.', NULL),
(312, 70, 6, 'document_create', 'Eyehub', 'eyehub@gmail.com', '2024-01-16 16:33:09', 'GMT', '122.162.221.254', 'Document created by Eyehub(eyehub@gmail.com)', 'FNUOpAbFZbOHnmYF20R6f33NP'),
(313, 70, 6, 'document_emailed', 'Niranjan Patel', 'Niranjan Patel', '2024-01-16 16:33:09', 'GMT', '122.162.221.254', 'Document emailed to Niranjan Patel for signature', NULL),
(314, 70, 6, 'email_viewed', 'Niranjan Patel', 'Niranjan Patel', '2024-01-16 16:33:09', 'GMT', '122.162.221.254', 'Email Viewed by Niranjan Patel', NULL),
(315, 70, 6, 'document_esigned', '', '', '2024-01-16 16:37:09', 'GMT', '122.162.221.254', 'Document Esigned ', NULL),
(316, 70, 6, 'completed', '', '', '2024-01-16 16:37:09', 'GMT', '122.162.221.254', 'Agreement Completed.', NULL),
(317, 71, 3, 'document_create', 'Eyehub', 'eyehub@gmail.com', '2024-01-16 17:27:30', 'GMT', '2405:201:4018:31ee:e0cf:e29c:cb37:f519', 'Document created by Eyehub(eyehub@gmail.com)', 'sikHCQSud4jSisqQqcFzk6z9i'),
(318, 71, 3, 'document_emailed', 'Mike', 'Mike', '2024-01-16 17:27:30', 'GMT', '2405:201:4018:31ee:e0cf:e29c:cb37:f519', 'Document emailed to Mike for signature', NULL),
(319, 71, 3, 'email_viewed', 'Mike', 'Mike', '2024-01-16 17:27:30', 'GMT', '2405:201:4018:31ee:e0cf:e29c:cb37:f519', 'Email Viewed by Mike', NULL),
(320, 71, 3, 'document_esigned', '', '', '2024-01-16 17:37:34', 'GMT', '2405:201:4018:31ee:e0cf:e29c:cb37:f519', 'Document Esigned ', NULL),
(321, 71, 3, 'completed', '', '', '2024-01-16 17:37:34', 'GMT', '2405:201:4018:31ee:e0cf:e29c:cb37:f519', 'Agreement Completed.', NULL),
(322, 72, 3, 'document_create', 'Eyehub', 'eyehub@gmail.com', '2024-01-17 16:50:38', 'GMT', '106.215.36.54', 'Document created by Eyehub(eyehub@gmail.com)', 'HpYDwBTAigMpFk1iszibqQHUB'),
(323, 72, 3, 'document_emailed', 'Himanshu', 'Himanshu', '2024-01-17 16:50:38', 'GMT', '106.215.36.54', 'Document emailed to Himanshu for signature', NULL),
(324, 72, 3, 'email_viewed', 'Himanshu', 'Himanshu', '2024-01-17 16:50:38', 'GMT', '106.215.36.54', 'Email Viewed by Himanshu', NULL),
(325, 72, 3, 'document_esigned', '', '', '2024-01-17 16:51:58', 'GMT', '106.215.36.54', 'Document Esigned ', NULL),
(326, 72, 3, 'completed', '', '', '2024-01-17 16:51:58', 'GMT', '106.215.36.54', 'Agreement Completed.', NULL),
(327, 73, 3, 'document_create', 'Eyehub', 'eyehub@gmail.com', '2024-01-19 12:45:09', 'GMT', '122.167.149.123', 'Document created by Eyehub(eyehub@gmail.com)', 'GPDEEvFv24ZWAcPOuQVSEEt0A'),
(328, 73, 3, 'document_emailed', 'Mahendra Shirawala', 'Mahendra Shirawala', '2024-01-19 12:45:09', 'GMT', '122.167.149.123', 'Document emailed to Mahendra Shirawala for signature', NULL),
(329, 73, 3, 'email_viewed', 'Mahendra Shirawala', 'Mahendra Shirawala', '2024-01-19 12:45:09', 'GMT', '122.167.149.123', 'Email Viewed by Mahendra Shirawala', NULL),
(330, 74, 3, 'document_create', 'Eyehub', 'eyehub@gmail.com', '2024-01-19 13:28:53', 'GMT', '122.167.149.123', 'Document created by Eyehub(eyehub@gmail.com)', 'VQs7CHAl9HeHoV46JqbfUF5Ee'),
(331, 74, 3, 'document_emailed', 'Rajesh', 'Rajesh', '2024-01-19 13:28:53', 'GMT', '122.167.149.123', 'Document emailed to Rajesh for signature', NULL),
(332, 74, 3, 'email_viewed', 'Rajesh', 'Rajesh', '2024-01-19 13:28:54', 'GMT', '122.167.149.123', 'Email Viewed by Rajesh', NULL),
(333, 74, 3, 'declined', '', '', '2024-01-19 13:32:57', 'GMT', '122.167.149.123', 'Document Sign Declined', NULL),
(334, 74, 3, 'completed', '', '', '2024-01-19 13:32:57', 'GMT', '122.167.149.123', 'Agreement Completed.', NULL),
(335, 74, 3, 'declined', '', '', '2024-01-19 13:34:56', 'GMT', '122.167.149.123', 'Document Sign Declined', NULL),
(336, 74, 3, 'completed', '', '', '2024-01-19 13:34:56', 'GMT', '122.167.149.123', 'Agreement Completed.', NULL),
(337, 74, 3, 'declined', '', '', '2024-01-19 13:37:15', 'GMT', '122.167.149.123', 'Document Sign Declined', NULL),
(338, 74, 3, 'completed', '', '', '2024-01-19 13:37:15', 'GMT', '122.167.149.123', 'Agreement Completed.', NULL),
(339, 75, 3, 'document_create', 'Eyehub', 'eyehub@gmail.com', '2024-01-19 13:38:26', 'GMT', '122.167.149.123', 'Document created by Eyehub(eyehub@gmail.com)', 'LSwcgSixtEk8IUetrrUliLfXA'),
(340, 75, 3, 'document_emailed', 'Rajesh', 'Rajesh', '2024-01-19 13:38:26', 'GMT', '122.167.149.123', 'Document emailed to Rajesh for signature', NULL),
(341, 75, 3, 'email_viewed', 'Rajesh', 'Rajesh', '2024-01-19 13:38:26', 'GMT', '122.167.149.123', 'Email Viewed by Rajesh', NULL),
(342, 75, 3, 'declined', '', '', '2024-01-19 13:38:31', 'GMT', '122.167.149.123', 'Document Sign Declined', NULL),
(343, 75, 3, 'completed', '', '', '2024-01-19 13:38:31', 'GMT', '122.167.149.123', 'Agreement Completed.', NULL),
(344, 76, 5, 'document_create', 'Eyehub', 'eyehub@gmail.com', '2024-01-19 13:41:13', 'GMT', '122.167.149.123', 'Document created by Eyehub(eyehub@gmail.com)', 'CDPTLCiX2n6wJGzi0XfTF0psA'),
(345, 76, 5, 'document_emailed', 'sandip', 'sandip', '2024-01-19 13:41:13', 'GMT', '122.167.149.123', 'Document emailed to sandip for signature', NULL),
(346, 76, 5, 'email_viewed', 'sandip', 'sandip', '2024-01-19 13:41:14', 'GMT', '122.167.149.123', 'Email Viewed by sandip', NULL);
INSERT INTO `log_history` (`log_history_id`, `document_id`, `form_id`, `log_history_action`, `log_name`, `log_email`, `log_date_time`, `log_date_time_zone`, `log_ip_address`, `log_message`, `log_guid`) VALUES
(347, 76, 5, 'declined', '', '', '2024-01-19 13:41:24', 'GMT', '122.167.149.123', 'Document Sign Declined', NULL),
(348, 76, 5, 'completed', '', '', '2024-01-19 13:41:24', 'GMT', '122.167.149.123', 'Agreement Completed.', NULL),
(349, 77, 3, 'document_create', 'Eyehub', 'eyehub@gmail.com', '2024-01-19 13:42:46', 'GMT', '122.167.149.123', 'Document created by Eyehub(eyehub@gmail.com)', 'H1R2iqFqWDFWPI3MJYddZtRfd'),
(350, 77, 3, 'document_emailed', 'Mahendra Shirawala', 'Mahendra Shirawala', '2024-01-19 13:42:46', 'GMT', '122.167.149.123', 'Document emailed to Mahendra Shirawala for signature', NULL),
(351, 77, 3, 'email_viewed', 'Mahendra Shirawala', 'Mahendra Shirawala', '2024-01-19 13:42:46', 'GMT', '122.167.149.123', 'Email Viewed by Mahendra Shirawala', NULL),
(352, 77, 3, 'declined', '', '', '2024-01-19 13:42:50', 'GMT', '122.167.149.123', 'Document Sign Declined', NULL),
(353, 77, 3, 'completed', '', '', '2024-01-19 13:42:50', 'GMT', '122.167.149.123', 'Agreement Completed.', NULL),
(354, 78, 3, 'document_create', 'Eyehub', 'eyehub@gmail.com', '2024-01-19 13:45:30', 'GMT', '122.167.149.123', 'Document created by Eyehub(eyehub@gmail.com)', 'v4T6JgEczG6JKtY0ygqruqIic'),
(355, 78, 3, 'document_emailed', 'Mahendra Shirawala', 'Mahendra Shirawala', '2024-01-19 13:45:30', 'GMT', '122.167.149.123', 'Document emailed to Mahendra Shirawala for signature', NULL),
(356, 78, 3, 'email_viewed', 'Mahendra Shirawala', 'Mahendra Shirawala', '2024-01-19 13:45:30', 'GMT', '122.167.149.123', 'Email Viewed by Mahendra Shirawala', NULL),
(357, 78, 3, 'document_esigned', '', '', '2024-01-19 13:46:37', 'GMT', '122.167.149.123', 'Document Esigned ', NULL),
(358, 78, 3, 'completed', '', '', '2024-01-19 13:46:37', 'GMT', '122.167.149.123', 'Agreement Completed.', NULL),
(359, 79, 3, 'document_create', 'Eyehub', 'eyehub@gmail.com', '2024-01-19 13:57:36', 'GMT', '122.167.149.123', 'Document created by Eyehub(eyehub@gmail.com)', 'FX0frenr9Kv6uoGFwBEBB7tr0'),
(360, 79, 4, 'document_create', 'Eyehub', 'eyehub@gmail.com', '2024-01-19 13:57:36', 'GMT', '122.167.149.123', 'Document created by Eyehub(eyehub@gmail.com)', '5OXVaUDMEZS5t87HDCFtN9PXV'),
(361, 79, 3, 'document_emailed', 'purav.topi@gmail.com', 'purav.topi@gmail.com', '2024-01-19 13:57:36', 'GMT', '122.167.149.123', 'Document emailed to purav.topi@gmail.com for signature', NULL),
(362, 79, 4, 'document_emailed', 'purav.topi@gmail.com', 'purav.topi@gmail.com', '2024-01-19 13:57:36', 'GMT', '122.167.149.123', 'Document emailed to purav.topi@gmail.com for signature', NULL),
(363, 79, 3, 'email_viewed', 'purav.topi@gmail.com', 'purav.topi@gmail.com', '2024-01-19 13:58:09', 'GMT', '122.167.149.123', 'Email Viewed by purav.topi@gmail.com', NULL),
(364, 79, 3, 'document_esigned', '', '', '2024-01-19 13:58:45', 'GMT', '122.167.149.123', 'Document Esigned ', NULL),
(365, 79, 3, 'completed', '', '', '2024-01-19 13:58:45', 'GMT', '122.167.149.123', 'Agreement Completed.', NULL),
(366, 79, 4, 'email_viewed', 'purav.topi@gmail.com', 'purav.topi@gmail.com', '2024-01-19 13:59:03', 'GMT', '122.167.149.123', 'Email Viewed by purav.topi@gmail.com', NULL),
(367, 79, 4, 'declined', '', '', '2024-01-19 13:59:11', 'GMT', '122.167.149.123', 'Document Sign Declined', NULL),
(368, 79, 4, 'completed', '', '', '2024-01-19 13:59:11', 'GMT', '122.167.149.123', 'Agreement Completed.', NULL),
(369, 80, 3, 'document_create', 'Eyehub', 'eyehub@gmail.com', '2024-01-19 14:08:20', 'GMT', '122.167.149.123', 'Document created by Eyehub(eyehub@gmail.com)', 'wV9LQwkLIhSv5BZzlSoLcTI21'),
(370, 80, 3, 'document_emailed', 'Mahendra Shirawala', 'Mahendra Shirawala', '2024-01-19 14:08:20', 'GMT', '122.167.149.123', 'Document emailed to Mahendra Shirawala for signature', NULL),
(371, 80, 3, 'email_viewed', 'Mahendra Shirawala', 'Mahendra Shirawala', '2024-01-19 14:08:20', 'GMT', '122.167.149.123', 'Email Viewed by Mahendra Shirawala', NULL),
(372, 80, 3, 'declined', '', '', '2024-01-19 14:08:24', 'GMT', '122.167.149.123', 'Document Sign Declined', NULL),
(373, 80, 3, 'completed', '', '', '2024-01-19 14:08:24', 'GMT', '122.167.149.123', 'Agreement Completed.', NULL),
(374, 81, 5, 'document_create', 'Eyehub', 'eyehub@gmail.com', '2024-01-19 14:27:00', 'GMT', '122.167.149.123', 'Document created by Eyehub(eyehub@gmail.com)', 'gcLB92pWCycgNkZLXItAyQqnW'),
(375, 81, 5, 'document_emailed', 'Rajesh', 'Rajesh', '2024-01-19 14:27:00', 'GMT', '122.167.149.123', 'Document emailed to Rajesh for signature', NULL),
(376, 81, 5, 'email_viewed', 'Rajesh', 'Rajesh', '2024-01-19 14:27:00', 'GMT', '122.167.149.123', 'Email Viewed by Rajesh', NULL),
(377, 81, 5, 'declined', '', '', '2024-01-19 14:27:08', 'GMT', '122.167.149.123', 'Document Sign Declined', NULL),
(378, 81, 5, 'completed', '', '', '2024-01-19 14:27:08', 'GMT', '122.167.149.123', 'Agreement Completed.', NULL),
(379, 82, 5, 'document_create', 'Eyehub', 'eyehub@gmail.com', '2024-01-19 14:28:49', 'GMT', '122.167.149.123', 'Document created by Eyehub(eyehub@gmail.com)', 'vNJcF19vauSvKKtEXuEHZ0ndn'),
(380, 82, 5, 'document_emailed', 'sandip', 'sandip', '2024-01-19 14:28:49', 'GMT', '122.167.149.123', 'Document emailed to sandip for signature', NULL),
(381, 82, 5, 'email_viewed', 'sandip', 'sandip', '2024-01-19 14:28:49', 'GMT', '122.167.149.123', 'Email Viewed by sandip', NULL),
(382, 82, 5, 'declined', '', '', '2024-01-19 14:28:54', 'GMT', '122.167.149.123', 'Document Sign Declined', NULL),
(383, 82, 5, 'completed', '', '', '2024-01-19 14:28:54', 'GMT', '122.167.149.123', 'Agreement Completed.', NULL),
(384, 83, 3, 'document_create', 'Eyehub', 'eyehub@gmail.com', '2024-01-19 14:30:19', 'GMT', '122.167.149.123', 'Document created by Eyehub(eyehub@gmail.com)', 'H1vUmJ6Y3upUOgzotMjR263gl'),
(385, 83, 3, 'document_emailed', 'Rajesh', 'Rajesh', '2024-01-19 14:30:19', 'GMT', '122.167.149.123', 'Document emailed to Rajesh for signature', NULL),
(386, 83, 3, 'email_viewed', 'Rajesh', 'Rajesh', '2024-01-19 14:30:19', 'GMT', '122.167.149.123', 'Email Viewed by Rajesh', NULL),
(387, 83, 3, 'declined', '', '', '2024-01-19 14:30:24', 'GMT', '122.167.149.123', 'Document Sign Declined', NULL),
(388, 83, 3, 'completed', '', '', '2024-01-19 14:30:24', 'GMT', '122.167.149.123', 'Agreement Completed.', NULL),
(389, 84, 3, 'document_create', 'Eyehub', 'eyehub@gmail.com', '2024-01-19 14:31:24', 'GMT', '122.167.149.123', 'Document created by Eyehub(eyehub@gmail.com)', 'TImRhma3ayXF9gzlwQeJGdUT4'),
(390, 84, 3, 'document_emailed', 'pinakin', 'pinakin', '2024-01-19 14:31:24', 'GMT', '122.167.149.123', 'Document emailed to pinakin for signature', NULL),
(391, 84, 3, 'email_viewed', 'pinakin', 'pinakin', '2024-01-19 14:31:24', 'GMT', '122.167.149.123', 'Email Viewed by pinakin', NULL),
(392, 84, 3, 'declined', '', '', '2024-01-19 14:31:41', 'GMT', '122.167.149.123', 'Document Sign Declined', NULL),
(393, 84, 3, 'completed', '', '', '2024-01-19 14:31:41', 'GMT', '122.167.149.123', 'Agreement Completed.', NULL),
(394, 85, 5, 'document_create', 'Eyehub', 'eyehub@gmail.com', '2024-01-19 14:37:50', 'GMT', '122.167.149.123', 'Document created by Eyehub(eyehub@gmail.com)', 'ijKkIcvHI4RxHynQe01JrpHVO'),
(395, 85, 5, 'document_emailed', 'Mahendra Shirawala', 'Mahendra Shirawala', '2024-01-19 14:37:50', 'GMT', '122.167.149.123', 'Document emailed to Mahendra Shirawala for signature', NULL),
(396, 85, 5, 'email_viewed', 'Mahendra Shirawala', 'Mahendra Shirawala', '2024-01-19 14:37:50', 'GMT', '122.167.149.123', 'Email Viewed by Mahendra Shirawala', NULL),
(397, 85, 5, 'declined', '', '', '2024-01-19 14:37:56', 'GMT', '122.167.149.123', 'Document Sign Declined', NULL),
(398, 85, 5, 'completed', '', '', '2024-01-19 14:37:56', 'GMT', '122.167.149.123', 'Agreement Completed.', NULL),
(399, 86, 5, 'document_create', 'Eyehub', 'eyehub@gmail.com', '2024-01-19 14:39:08', 'GMT', '122.167.149.123', 'Document created by Eyehub(eyehub@gmail.com)', 'LsWqt5HLYD4Nfb1FInOKNweEH'),
(400, 86, 5, 'document_emailed', 'PATEL Yogeshbhai', 'PATEL Yogeshbhai', '2024-01-19 14:39:08', 'GMT', '122.167.149.123', 'Document emailed to PATEL Yogeshbhai for signature', NULL),
(401, 86, 5, 'email_viewed', 'PATEL Yogeshbhai', 'PATEL Yogeshbhai', '2024-01-19 14:39:08', 'GMT', '122.167.149.123', 'Email Viewed by PATEL Yogeshbhai', NULL),
(402, 86, 5, 'declined', '', '', '2024-01-19 14:39:13', 'GMT', '122.167.149.123', 'Document Sign Declined', NULL),
(403, 86, 5, 'completed', '', '', '2024-01-19 14:39:13', 'GMT', '122.167.149.123', 'Agreement Completed.', NULL),
(404, 87, 3, 'document_create', 'Eyehub', 'eyehub@gmail.com', '2024-01-19 14:40:27', 'GMT', '122.167.149.123', 'Document created by Eyehub(eyehub@gmail.com)', 'XmSKuxIP0IluTvlm4B3KpfNIw'),
(405, 87, 3, 'document_emailed', 'Mahendra Shirawala', 'Mahendra Shirawala', '2024-01-19 14:40:27', 'GMT', '122.167.149.123', 'Document emailed to Mahendra Shirawala for signature', NULL),
(406, 87, 3, 'email_viewed', 'Mahendra Shirawala', 'Mahendra Shirawala', '2024-01-19 14:40:27', 'GMT', '122.167.149.123', 'Email Viewed by Mahendra Shirawala', NULL),
(407, 87, 3, 'declined', '', '', '2024-01-19 14:40:32', 'GMT', '122.167.149.123', 'Document Sign Declined', NULL),
(408, 87, 3, 'completed', '', '', '2024-01-19 14:40:32', 'GMT', '122.167.149.123', 'Agreement Completed.', NULL),
(409, 88, 5, 'document_create', 'Eyehub', 'eyehub@gmail.com', '2024-01-19 14:41:40', 'GMT', '122.167.149.123', 'Document created by Eyehub(eyehub@gmail.com)', 'RjZQvV6wy9ECsbLR78RjyYUGM'),
(410, 88, 5, 'document_emailed', 'sandip', 'sandip', '2024-01-19 14:41:40', 'GMT', '122.167.149.123', 'Document emailed to sandip for signature', NULL),
(411, 88, 5, 'email_viewed', 'sandip', 'sandip', '2024-01-19 14:41:40', 'GMT', '122.167.149.123', 'Email Viewed by sandip', NULL),
(412, 88, 5, 'declined', '', '', '2024-01-19 14:41:46', 'GMT', '122.167.149.123', 'Document Sign Declined', NULL),
(413, 88, 5, 'completed', '', '', '2024-01-19 14:41:46', 'GMT', '122.167.149.123', 'Agreement Completed.', NULL),
(414, 89, 3, 'document_create', 'Eyehub', 'eyehub@gmail.com', '2024-01-19 14:44:17', 'GMT', '122.167.149.123', 'Document created by Eyehub(eyehub@gmail.com)', '0BEeCeaMAAWLhi86WqMMEQYmj'),
(415, 89, 3, 'document_emailed', 'Purav', 'Purav', '2024-01-19 14:44:17', 'GMT', '122.167.149.123', 'Document emailed to Purav for signature', NULL),
(416, 89, 3, 'email_viewed', 'Purav', 'Purav', '2024-01-19 14:44:17', 'GMT', '122.167.149.123', 'Email Viewed by Purav', NULL),
(417, 89, 3, 'declined', '', '', '2024-01-19 14:44:27', 'GMT', '122.167.149.123', 'Document Sign Declined', NULL),
(418, 89, 3, 'completed', '', '', '2024-01-19 14:44:27', 'GMT', '122.167.149.123', 'Agreement Completed.', NULL),
(419, 90, 3, 'document_create', 'Eyehub', 'eyehub@gmail.com', '2024-01-19 14:44:35', 'GMT', '2405:201:4018:31ee:4dfb:d0d3:1888:a6ed', 'Document created by Eyehub(eyehub@gmail.com)', 'mVdYXMmiYhzupHoPhxZCAuACp'),
(420, 90, 3, 'document_emailed', 'Sonia', 'Sonia', '2024-01-19 14:44:35', 'GMT', '2405:201:4018:31ee:4dfb:d0d3:1888:a6ed', 'Document emailed to Sonia for signature', NULL),
(421, 90, 3, 'email_viewed', 'Sonia', 'Sonia', '2024-01-19 14:44:35', 'GMT', '2405:201:4018:31ee:4dfb:d0d3:1888:a6ed', 'Email Viewed by Sonia', NULL),
(422, 91, 5, 'document_create', 'Eyehub', 'eyehub@gmail.com', '2024-01-19 14:45:26', 'GMT', '122.167.149.123', 'Document created by Eyehub(eyehub@gmail.com)', 'hXGEv5WMNCcDOTklmJipaJXe6'),
(423, 91, 5, 'document_emailed', 'sandip', 'sandip', '2024-01-19 14:45:26', 'GMT', '122.167.149.123', 'Document emailed to sandip for signature', NULL),
(424, 91, 5, 'email_viewed', 'sandip', 'sandip', '2024-01-19 14:45:26', 'GMT', '122.167.149.123', 'Email Viewed by sandip', NULL),
(425, 91, 5, 'declined', '', '', '2024-01-19 14:45:34', 'GMT', '122.167.149.123', 'Document Sign Declined', NULL),
(426, 91, 5, 'completed', '', '', '2024-01-19 14:45:34', 'GMT', '122.167.149.123', 'Agreement Completed.', NULL),
(427, 92, 5, 'document_create', 'Eyehub', 'eyehub@gmail.com', '2024-01-19 14:47:37', 'GMT', '122.167.149.123', 'Document created by Eyehub(eyehub@gmail.com)', 'iMged3XJj2ut2B7ZoWX54tHcY'),
(428, 92, 5, 'document_emailed', 'Mahendra Shirawala', 'Mahendra Shirawala', '2024-01-19 14:47:37', 'GMT', '122.167.149.123', 'Document emailed to Mahendra Shirawala for signature', NULL),
(429, 92, 5, 'email_viewed', 'Mahendra Shirawala', 'Mahendra Shirawala', '2024-01-19 14:47:38', 'GMT', '122.167.149.123', 'Email Viewed by Mahendra Shirawala', NULL),
(430, 92, 5, 'declined', '', '', '2024-01-19 14:47:46', 'GMT', '122.167.149.123', 'Document Sign Declined', NULL),
(431, 92, 5, 'completed', '', '', '2024-01-19 14:47:46', 'GMT', '122.167.149.123', 'Agreement Completed.', NULL),
(432, 93, 5, 'document_create', 'Eyehub', 'eyehub@gmail.com', '2024-01-19 14:48:58', 'GMT', '122.167.149.123', 'Document created by Eyehub(eyehub@gmail.com)', 'zvc7YefM1BFj6B1K8EfbO3wvO'),
(433, 93, 5, 'document_emailed', 'ssd', 'ssd', '2024-01-19 14:48:58', 'GMT', '122.167.149.123', 'Document emailed to ssd for signature', NULL),
(434, 93, 5, 'email_viewed', 'ssd', 'ssd', '2024-01-19 14:48:58', 'GMT', '122.167.149.123', 'Email Viewed by ssd', NULL),
(435, 93, 5, 'declined', '', '', '2024-01-19 14:49:03', 'GMT', '122.167.149.123', 'Document Sign Declined', NULL),
(436, 93, 5, 'completed', '', '', '2024-01-19 14:49:03', 'GMT', '122.167.149.123', 'Agreement Completed.', NULL),
(437, 94, 3, 'document_create', 'Eyehub', 'eyehub@gmail.com', '2024-01-19 15:18:24', 'GMT', '2405:201:4018:31ee:4dfb:d0d3:1888:a6ed', 'Document created by Eyehub(eyehub@gmail.com)', 'AVXZ3F72GdenEgur3KtOMYxrm'),
(438, 94, 3, 'document_emailed', 'Jack', 'Jack', '2024-01-19 15:18:24', 'GMT', '2405:201:4018:31ee:4dfb:d0d3:1888:a6ed', 'Document emailed to Jack for signature', NULL),
(439, 94, 3, 'email_viewed', 'Jack', 'Jack', '2024-01-19 15:18:24', 'GMT', '2405:201:4018:31ee:4dfb:d0d3:1888:a6ed', 'Email Viewed by Jack', NULL),
(440, 94, 3, 'document_esigned', '', '', '2024-01-19 15:26:45', 'GMT', '2405:201:4018:31ee:4dfb:d0d3:1888:a6ed', 'Document Esigned ', NULL),
(441, 94, 3, 'completed', '', '', '2024-01-19 15:26:45', 'GMT', '2405:201:4018:31ee:4dfb:d0d3:1888:a6ed', 'Agreement Completed.', NULL),
(442, 95, 3, 'document_create', 'Eyehub', 'eyehub@gmail.com', '2024-01-19 16:02:43', 'GMT', '122.167.149.123', 'Document created by Eyehub(eyehub@gmail.com)', '13gek3TNYiRdcIBm4RSp5NFSR'),
(443, 95, 3, 'document_emailed', 'Mahendra Shirawala', 'Mahendra Shirawala', '2024-01-19 16:02:43', 'GMT', '122.167.149.123', 'Document emailed to Mahendra Shirawala for signature', NULL),
(444, 95, 3, 'email_viewed', 'Mahendra Shirawala', 'Mahendra Shirawala', '2024-01-19 16:02:43', 'GMT', '122.167.149.123', 'Email Viewed by Mahendra Shirawala', NULL),
(445, 95, 3, 'declined', '', '', '2024-01-19 16:03:09', 'GMT', '122.167.149.123', 'Document Sign Declined', NULL),
(446, 95, 3, 'completed', '', '', '2024-01-19 16:03:09', 'GMT', '122.167.149.123', 'Agreement Completed.', NULL),
(447, 96, 4, 'document_create', 'Eyehub', 'eyehub@gmail.com', '2024-01-19 16:10:01', 'GMT', '122.167.149.123', 'Document created by Eyehub(eyehub@gmail.com)', 'UNI5qXmoreplSsUR2PzFxrNki'),
(448, 96, 4, 'document_emailed', 'Mahendra Shirawala', 'Mahendra Shirawala', '2024-01-19 16:10:01', 'GMT', '122.167.149.123', 'Document emailed to Mahendra Shirawala for signature', NULL),
(449, 96, 4, 'email_viewed', 'Mahendra Shirawala', 'Mahendra Shirawala', '2024-01-19 16:10:01', 'GMT', '122.167.149.123', 'Email Viewed by Mahendra Shirawala', NULL),
(450, 96, 4, 'declined', '', '', '2024-01-19 16:10:17', 'GMT', '122.167.149.123', 'Document Sign Declined', NULL),
(451, 96, 4, 'completed', '', '', '2024-01-19 16:10:17', 'GMT', '122.167.149.123', 'Agreement Completed.', NULL),
(452, 97, 6, 'document_create', 'Eyehub', 'eyehub@gmail.com', '2024-01-19 16:11:39', 'GMT', '122.167.149.123', 'Document created by Eyehub(eyehub@gmail.com)', 'jIKGw9IRxNZDcSbY81SZekSRo'),
(453, 97, 6, 'document_emailed', 'Niranjan Patel', 'Niranjan Patel', '2024-01-19 16:11:39', 'GMT', '122.167.149.123', 'Document emailed to Niranjan Patel for signature', NULL),
(454, 97, 6, 'email_viewed', 'Niranjan Patel', 'Niranjan Patel', '2024-01-19 16:11:39', 'GMT', '122.167.149.123', 'Email Viewed by Niranjan Patel', NULL),
(455, 97, 6, 'document_esigned', '', '', '2024-01-19 16:12:01', 'GMT', '122.167.149.123', 'Document Esigned ', NULL),
(456, 97, 6, 'completed', '', '', '2024-01-19 16:12:01', 'GMT', '122.167.149.123', 'Agreement Completed.', NULL),
(457, 73, 3, 'declined', '', '', '2024-01-19 16:18:48', 'GMT', '122.167.149.123', 'Document Sign Declined', NULL),
(458, 73, 3, 'completed', '', '', '2024-01-19 16:18:48', 'GMT', '122.167.149.123', 'Agreement Completed.', NULL),
(459, 98, 6, 'document_create', 'Eyehub', 'eyehub@gmail.com', '2024-01-19 16:26:18', 'GMT', '122.167.149.123', 'Document created by Eyehub(eyehub@gmail.com)', 'UGhsiMdaFFCyLwZUF7HTxrdDR'),
(460, 98, 6, 'document_emailed', 'Rajesh', 'Rajesh', '2024-01-19 16:26:18', 'GMT', '122.167.149.123', 'Document emailed to Rajesh for signature', NULL),
(461, 98, 6, 'email_viewed', 'Rajesh', 'Rajesh', '2024-01-19 16:26:18', 'GMT', '122.167.149.123', 'Email Viewed by Rajesh', NULL),
(462, 98, 6, 'declined', '', '', '2024-01-19 16:26:24', 'GMT', '122.167.149.123', 'Document Sign Declined', NULL),
(463, 98, 6, 'completed', '', '', '2024-01-19 16:26:24', 'GMT', '122.167.149.123', 'Agreement Completed.', NULL),
(464, 99, 5, 'document_create', 'Eyehub', 'eyehub@gmail.com', '2024-01-19 17:40:19', 'GMT', '122.167.149.123', 'Document created by Eyehub(eyehub@gmail.com)', 'BQEJULhM8LhPXmsTEEAE7qkek'),
(465, 99, 5, 'document_emailed', 'Rajesh', 'Rajesh', '2024-01-19 17:40:19', 'GMT', '122.167.149.123', 'Document emailed to Rajesh for signature', NULL),
(466, 99, 5, 'email_viewed', 'Rajesh', 'Rajesh', '2024-01-19 17:40:19', 'GMT', '122.167.149.123', 'Email Viewed by Rajesh', NULL),
(467, 99, 5, 'declined', '', '', '2024-01-19 17:40:37', 'GMT', '122.167.149.123', 'Document Sign Declined', NULL),
(468, 99, 5, 'completed', '', '', '2024-01-19 17:40:37', 'GMT', '122.167.149.123', 'Agreement Completed.', NULL),
(469, 100, 4, 'document_create', 'Eyehub', 'eyehub@gmail.com', '2024-01-19 23:02:45', 'GMT', '2405:201:4018:31ee:4dfb:d0d3:1888:a6ed', 'Document created by Eyehub(eyehub@gmail.com)', 'JHUuVNtpOUPyrGaUjzjNrhPGx'),
(470, 100, 4, 'document_emailed', 'Sonia', 'Sonia', '2024-01-19 23:02:45', 'GMT', '2405:201:4018:31ee:4dfb:d0d3:1888:a6ed', 'Document emailed to Sonia for signature', NULL),
(471, 100, 4, 'email_viewed', 'Sonia', 'Sonia', '2024-01-19 23:02:45', 'GMT', '2405:201:4018:31ee:4dfb:d0d3:1888:a6ed', 'Email Viewed by Sonia', NULL),
(472, 101, 8, 'document_create', 'Eyehub', 'eyehub@gmail.com', '2024-01-19 23:03:32', 'GMT', '2405:201:4018:31ee:4dfb:d0d3:1888:a6ed', 'Document created by Eyehub(eyehub@gmail.com)', 'P8xGY5IpixhQb4THJ3ihWChEJ'),
(473, 101, 8, 'document_emailed', 'test', 'test', '2024-01-19 23:03:32', 'GMT', '2405:201:4018:31ee:4dfb:d0d3:1888:a6ed', 'Document emailed to test for signature', NULL),
(474, 101, 8, 'email_viewed', 'test', 'test', '2024-01-19 23:03:32', 'GMT', '2405:201:4018:31ee:4dfb:d0d3:1888:a6ed', 'Email Viewed by test', NULL),
(475, 90, 3, 'document_esigned', '', '', '2024-01-19 23:08:50', 'GMT', '2405:201:4018:31ee:4dfb:d0d3:1888:a6ed', 'Document Esigned ', NULL),
(476, 90, 3, 'completed', '', '', '2024-01-19 23:08:50', 'GMT', '2405:201:4018:31ee:4dfb:d0d3:1888:a6ed', 'Agreement Completed.', NULL);
COMMIT;

/*!40101 SET CHARACTER_SET_CLIENT=@OLD_CHARACTER_SET_CLIENT */;
/*!40101 SET CHARACTER_SET_RESULTS=@OLD_CHARACTER_SET_RESULTS */;
/*!40101 SET COLLATION_CONNECTION=@OLD_COLLATION_CONNECTION */;
